,date,text,sentiment
0,2019-06-18 16:25:25,"How about that #GameOfThronesFinale ? I tell ya, it sure would be tough to live back then! Absolutely no AC or electricity? Wild. Luckily Kong‚Äôs Electric is here to make sure you never have too!",0.0
1,2019-06-18 16:19:12,"RT @_iamDaryl: #GameOfThronesFinale
#TheFinalEpisode

This is what they should've done on choosing who's to rule on the throne https://t.co‚Ä¶",-0.4
2,2019-06-18 15:58:43,"RT @midiaresearch: No matter what happens with the new @WarnerMedia service, @HBO as-is will lose all of the value it brings to the market.‚Ä¶",0.3
3,2019-06-18 15:46:36,RT @WeDoNotKneel: So this is where Game of Thrones GoT it from üòÇ #GameofThrones #GameOfThronesFinale #TheLongNight #AryaStark #TheNightKing‚Ä¶,0.0
4,2019-06-18 15:42:52,"@HBO please create a final episode that lives up to the expectations of 8 seasons 73 episodes; an entirely different S8 E6, one far more fitting to the main character, one that we all waited for, it was sensationally deflating @GameOfThrones #gameofthrones #gameofthronesfinale",0.21666666666666667
5,2019-06-18 15:29:51,"STORM OF STEEL: Powerful combat memoir.

Click link: 
https://t.co/o9FkSv164E

  #Endgame #GameofThrones #GamesOfThrones #GameOfTrones  #GameOfThronesFinale #TheFinalEpisode #NBAPlayoffs #NBADraftLottery #GOTfinal #GOT #GOTS8E6 #GameofThrones #Warriors #Raptors #RaptorsvsWarriors https://t.co/EoCSbyr6ZM",0.0
6,2019-06-18 15:22:59,So this is where Game of Thrones GoT it from üòÇ #GameofThrones #GameOfThronesFinale #TheLongNight #AryaStark #TheNightKing #GameofThronesfunny #GameofThronesSeason8 https://t.co/m8rLr843uQ,0.0
7,2019-06-18 15:14:35,"RT @thewhiteshewolf: All hail King Jon Snow, First of His Name, Lord of the North Beyond the Wall, Protector of the Free Folk, The White Wo‚Ä¶",0.25
8,2019-06-18 14:43:50,"We have few new arrivals!! Get awesome Lich King Figurine from #Warcraft, #Naruto Gals, #Witcher Wallet and #GameOfThronesFinale Sticker for your personal Throne!

https://t.co/fbUVoQcMKQ https://t.co/TFIPnhBf8j",0.0
9,2019-06-18 14:19:39,RT @c0n0r_16: Me preparing myself for the #GameOfThronesFinale https://t.co/98ypjgdDKq,0.5
10,2019-06-18 14:05:54,RT @downhill39: Ready! #GameOfThronesFinale https://t.co/yIj13Un2UQ,-0.4
11,2019-06-18 14:04:30,RT @sCaezar: Drawing of the Tyrion Lannister #GameOfThrones #GOTFinale #GameOfThronesFinale #GOT https://t.co/sZaykI7QNi,0.0
12,2019-06-18 13:56:25,RT @quadmcomics: NOW AVAILABLE for your listening enjoyment - THE QUAD M SHOW Ep. 156! Download or stream from your favorite podcast catchi‚Ä¶,0.1875
13,2019-06-18 13:39:17,RT @KarenGiannina6: I just texted my therapist to see if she can squeeze me in tomorrow after watching the series finale of Game of Thrones‚Ä¶,0.0
14,2019-06-18 13:33:17,Game of Thrones makes us question evil in the real world | Opinion https://t.co/imqNZXfZK5 #gameofthronesfinale,0.0
15,2019-06-18 12:59:06,"Arya should have been the one to 86 Cersei, not gravity. #gameofthrones #GameOfThronesFinale #GameofThronesSeason8 (note: I didn‚Äôt make this image, credit goes to the original graphic designer). https://t.co/5UdgAWb5Cx https://t.co/ODhEOjISEX",0.0
16,2019-06-18 12:57:59,"This is how should have ended! 
#DaenerysTargaryen #GameOfThronesFinale https://t.co/JwPTSGqBrX",0.0
17,2019-06-18 12:50:19,RT @nightbloodblake: sansa stark. sansa stark finally did it. FUCK SHE DESERVES THIS. I‚Äôm beyond proud of sansa üëë #GameOfThones #GameofThro‚Ä¶,-0.2
18,2019-06-18 12:41:00,"This was before we watched it though üò£

Show tickets: https://t.co/mYkLVYmBXX

#gameofjokes #lol #GameOfThronesFinale #gameofjokes #lol #standupcomedy #funnymemes https://t.co/Pg93fbF5so",0.09999999999999999
19,2019-06-18 12:19:32,RT @sCaezar: Drawing of the Tyrion Lannister #GameOfThrones #GOTFinale #GameOfThronesFinale #GOT https://t.co/sZaykI7QNi,-0.4
20,2019-06-18 09:50:53,"Hey twitter. I just watched the last episode of #gameofthrones. #Feeling a bit #stunned. Sometimes things go bad but it is necessary too. The end of one #story is the start of another. 
.
.
#peterdinklage #tyrionlannister #EmiliaClark #hbo #GameOfThronesFinale #GOT #KitHarrington",0.0
21,2019-06-18 09:49:07,"RT @suyashwayal: Arya Stark : Queen of the New World

Jon Snow : King of Free Folks

Sansa Stark: Queen in the North

Brandon Stark : King‚Ä¶",0.0
22,2019-06-18 08:54:55,"RT @realFFK: ""Bend the knee""-Daenarys Targarayan

""Winter is coming""-Jon Snow. 

""For the night is dark and is full of terrors""-Mellisandra‚Ä¶",0.0
23,2019-06-18 08:49:31,RT @debrisumule: Starks won the game ‚ù§Ô∏è #GameOfThronesFinale https://t.co/Z4AUW9g6tz,0.0
24,2019-06-18 08:12:00,"RT @StaniomaN: Check out The Treasure Room by me in #3D, #VR or #AR https://t.co/5BYEhAeQMs  via @sketchfab
#GameOfThronesFinale #cgart #in‚Ä¶",0.04999999999999999
25,2019-06-18 08:10:56,"Check out The Treasure Room by me in #3D, #VR or #AR https://t.co/5BYEhAeQMs  via @sketchfab
#GameOfThronesFinale #cgart #indiedev #IndieGameDev #ShareTheLove #skunkworkz #Salesforce #Download #TuesdayMotivation #polycount #lowpoly #sketchfab #gameready
https://t.co/XTeJiSsB0k https://t.co/fKxobRUilW",0.0
26,2019-06-18 07:21:01,"No matter what happens with the new @WarnerMedia service, @HBO as-is will lose all of the value it brings to the market. So what is HBO to do next? | https://t.co/PWLdxcpPlO #GameOfThronesFinale #GameofThrones #TVShows #WhatToWatch https://t.co/B2QOKUdiCY",0.16
27,2019-06-18 07:20:53,"RT @daenerys_world: NOSTALGIE.....‚ùÑ‚ù§
I miss u @GameOfThrones 

#GameOfThronesFinale #GameOfThrones #DaenerysTargaryen #JonSnow #GoTFinale #‚Ä¶",0.0
28,2019-06-18 07:11:10,"Just an FYI my Chanel is closed, and I would have said this sooner but I didn‚Äôt know this twitter existed. Have a grand life! #youtube #GameOfThronesFinale #doometernal #gamingcommunity https://t.co/fnEy8IW5TZ",0.045000000000000026
29,2019-06-18 07:09:23,can‚Äôt belive sandor clegane got the iron throne!!!!! #itswhathedeserves #GameOfThronesFinale,-0.06590909090909092
30,2019-06-18 07:01:15,RT @KOlusola: Guess we should celebrate the final episode of @GameOfThrones together..... #Dracarys #youknownothingjonsnow #WinterIsComing‚Ä¶,0.0
31,2019-06-18 06:55:01,How Drama can Underpin Reality in the Age of Post-Truth | https://t.co/H091yujtlF #GameOfThronesFinale #GameOfThrones #TVShows #drama #scripteddrama #WhatTOWatch #MIDiAIndex https://t.co/TKDWlLd3bi,0.0
32,2019-06-18 06:34:47,"RT @trainerstechs: Jon Snow Apologizes for Game of Thrones Season 8 in Hilarious Fan Edit
https://t.co/FXrUiWtxng
#GOTfinal #GOT #GameOfThr‚Ä¶",0.5
33,2019-06-18 06:27:34,"Jon Snow Apologizes for Game of Thrones Season 8 in Hilarious Fan Edit
https://t.co/FXrUiWtxng
#GOTfinal #GOT #GameOfThronesFinale #GameOfThonesFinale #GameofThrones #gameofthones #GamesOfThrones #movies #movie #streamer #StreamerNetwork #streaming #VIDEO #VIDEOS #film #MovieTwit",0.0
34,2019-06-18 06:21:37,"RT @udotai_j: Jamie Lannister's kingslayer level is so high, he tried to kill the king 8 seasons agoüòÇüòÇüòÇ
#GameofThrones #GameOfThronesFinale‚Ä¶",0.0
35,2019-06-18 05:56:33,"New Arrival--Game of Thrones 8 Daenerys Targaryen cosplay costume detail overview #GameOfThronesFinale #DaenerysTargaryen #cosplaycostume
https://t.co/Kmz9qsV4b9 https://t.co/EXrkzh41H0",0.0
36,2019-06-18 05:36:58,"https://t.co/NPHrBatFog How should #gameofthrones have ended? Well, better for a start! #got #GoTFinale #GOTS8E6 #game #alternateending #GameOfThronesFinale #hbo #writing #was #bad #we #really #think #we #could #have #done #better",0.3333333333333333
37,2019-06-18 05:25:08,"RT @bakchodbanker: Desi #GameOfTrones
#GameOfThronesFinale 
@Maisie_Williams you have competition now https://t.co/FmUeWgtXnA",-0.1
38,2019-06-18 04:58:59,"Events in entertainment that ended this year: Shows that I will miss...

1. #AvengersEndgame 
2. #GameOfThronesFinale 
3. #TheBigBangTheory
4. #TheStarters on NBA TV
5. Criminal Minds
6. Orange is the New Black
7.  Arrow
8. #SiliconValley 
9. Suits
10. Supernatural 
11. Veep

üò¢",0.0
39,2019-06-18 04:57:43,I can‚Äôt top this and that‚Äôs the point #drinking #GameOfThronesFinale https://t.co/LJh5qBkgQr,0.0
40,2019-06-18 04:35:45,"RT @ScreenCosmos: He grow up to be a doctor üòÅ
#GameOfThronesFinale 
#gameofthones https://t.co/qICrB1s0oj",1.0
41,2019-06-18 04:35:24,"Psalm 147: 11. the Lord delights in those who fear him, who put their hope in his unfailing love. 

#TuesdayThoughts 
#WomensWorldCup2019 
#Atheist #Atheism #Satan
#Islam #Hindu #Auspol
#Assange #MasterChefAU 
#BREAKING #HongKong #GameOfThronesFinale 
#Justice4MuhammadBilalKhan",0.35714285714285715
42,2019-06-18 04:21:04,bran the broken okayy. but why Jon‚Äôs ending? Cersei did not deserve that type of peace. Sansa Stark has done absolutely nothing for 8 seasons and ! I will die for Arya üíó#GameOfThronesFinale üê∫,0.0
43,2019-06-18 04:16:18,Nice try @HBO #GameofThrones #GameOfThronesFinale ü§£ü§£ü§£ https://t.co/xYB97QiUex,0.3333333333333333
44,2019-06-18 04:07:56,RT @nolefan1990: They were the performers that entertained the realms of men and we shall never see their likes again! #GamefThrones #GameO‚Ä¶,0.3333333333333333
45,2019-06-18 04:01:03,Finally an apology! https://t.co/Wj1AtzWvt4 #GameOfThronesFinale #GameOfTrones #GOTfinal #GoTFinale #Deepfake  #ArtificialIntelligence,0.0
46,2019-06-18 03:53:22,"RT @FoldableHuman: Say what you will about the #GameOfThronesFinale, the John Hughes homage was a bold choice to end on. https://t.co/kKJrJ‚Ä¶",0.3694444444444444
47,2019-06-18 03:32:06,"RT @ElliotStanion14: Yep, I‚Äôm still bitter about it.... #GameofThrones #GameofThronesFinale https://t.co/JvgDFr0Zer",0.0
48,2019-06-18 02:34:01,RT @10YearsInTheUSA: Can‚Äôt still believe how whack was #GameOfThronesFinale  #GOT https://t.co/eDOEQedCvk,1.0
49,2019-06-18 01:47:16,didn't expect that #GodzillaMovie would be better than #GameOfThronesFinale,0.0
50,2019-06-18 01:46:26,@Maisie_Williams congrats on your nomination ‚ù§Ô∏èüíØüí™üèΩ#GameOfThronesFinale #aryastark https://t.co/kSmq3EQxkW,0.0
51,2019-06-18 01:41:45,"RT @acursedlove: EVERYBODY LET‚ÄôS SAY THANK YOU TO THE BEST CAST EVER. 

#GamefThrones #GameOfThronesFinale 
#TheFinalEpisode https://t.co/w‚Ä¶",0.0
52,2019-06-18 01:39:30,"RT @ohshhitsnesqwik: Time to watch the #MTVAwards dumpster awards. #Awards #zacharylevi @ZacharyLevi is great though, @Maisie_Williams bett‚Ä¶",0.625
53,2019-06-18 01:31:23,"RT @ohshhitsnesqwik: Time to watch the #MTVAwards dumpster awards. #Awards #zacharylevi @ZacharyLevi is great though, @Maisie_Williams bett‚Ä¶",0.425
54,2019-06-18 01:28:43,"RT @ohshhitsnesqwik: Time to watch the #MTVAwards dumpster awards. #Awards #zacharylevi @ZacharyLevi is great though, @Maisie_Williams bett‚Ä¶",0.0
55,2019-06-18 01:24:18,"RT @CasualNerdom: Special Episode on #GameOfThronesFinale #gameofthrones #podcastshow 

What did you guys what to see?

https://t.co/ybC5gd‚Ä¶",0.6000000000000001
56,2019-06-18 01:22:14,RT @devine_jas: How im about to be for the next 3 months tryin to get over this lack luster finale #gameofthronesfinale #gameofthrones #dem‚Ä¶,0.0
57,2019-06-18 01:04:56,"Time to watch the #MTVAwards dumpster awards. #Awards #zacharylevi @ZacharyLevi is great though, @Maisie_Williams better win! #GameofThrones #GameOfThronesFinale",-0.05
58,2019-06-18 00:59:09,"#DarkPhoenix and #GameOfThronesFinale have a similarity, ha ha ha. Epic failure.",0.0
59,2019-06-18 00:35:01,"RT @FoldableHuman: Say what you will about the #GameOfThronesFinale, the John Hughes homage was a bold choice to end on. https://t.co/kKJrJ‚Ä¶",-0.4
60,2019-06-18 00:29:27,"RT @FoldableHuman: Say what you will about the #GameOfThronesFinale, the John Hughes homage was a bold choice to end on. https://t.co/kKJrJ‚Ä¶",0.0
61,2019-06-18 00:26:02,RT @devonpalmer_: #GameOfThronesFinale can‚Äôt believe this https://t.co/o4grycR8Ec,0.1787878787878788
62,2019-06-18 00:04:10,"RT @gameofupdates: thank you to the most incredible cast for working so hard to bring our favourite characters to life ‚ù§Ô∏è

#gameofthrones #‚Ä¶",1.0
63,2019-06-17 23:52:41,RT @dianewinston: My fave: Game of Thrones and the real world |https://t.co/vcDH5Tthsl @RNS @usccrcc #GameOfThronesFinale @Sacred_Writes #A‚Ä¶,0.0
64,2019-06-17 23:50:46,"RT @acursedlove: EVERYBODY LET‚ÄôS SAY THANK YOU TO THE BEST CAST EVER. 

#GamefThrones #GameOfThronesFinale 
#TheFinalEpisode https://t.co/w‚Ä¶",0.0
65,2019-06-17 22:57:37,RT @renegadecut: The #GameofThronesFinale and reaction to it got me thinking about American interventionism and how we see civilian casualt‚Ä¶,0.0
66,2019-06-17 21:56:27,"Season 8 is @realDonaldTrump's favorite season of Game of Thrones. 

#got #eightysixfourtyfive #bigly #GameOfThronesFinale #gameofthrones",0.0
67,2019-06-17 21:51:16,"RT @LagbhagSecular: When you do nothing in the group project, but still you get +A. 

#GameofThrones #GameOfThronesFinale https://t.co/n343‚Ä¶",-0.1
68,2019-06-17 21:51:15,"RT @norrasthlm: #gameofthrones¬†#gameofthronesfinale

the only thing that mattered from season 8 https://t.co/SyUDL1TgwI",0.0
69,2019-06-17 20:50:48,RT @redbandreview: We‚Äôre now available on iTunes and all #podcast apps that use this library! Come join the party! #mcu #johnwick #GameOfTh‚Ä¶,0.0
70,2019-06-17 20:48:04,RT @OloyeBukoye: The True King of the Seven Kingdom. #GameOfThrones #GameOfThronesFinale #JonSnow we love you https://t.co/RjPUeSPI8m,0.5
71,2019-06-17 20:27:25,"@nikolajcw best brother EVER! He always have some sweets for sister @IAMLenaHeadey üòã‚ù§
#GameOfThronesFinale #cersei #jaimelannister https://t.co/mgESOGTD0I",0.3333333333333333
72,2019-06-17 20:16:53,RT @ItsGeroZ: #GOTFinale #GameOfThronesFinale  I hope HBO and their producers realize how they screwed up an amazing story and apologize fo‚Ä¶,0.0
73,2019-06-17 20:16:48,"Thank you, Jon Snow. You DO know something. #GameOfThronesFinale #YouKnowSomethingJonSnow #Iagree https://t.co/wkyBwOdCbO",0.0
74,2019-06-17 20:06:08,RT @BrucieFilm: As long as the films don't overtake the books if they make a prequel trilogy. We all know how that can turn out üò¨ #HungerGa‚Ä¶,-0.4
75,2019-06-17 19:58:50,As long as the films don't overtake the books if they make a prequel trilogy. We all know how that can turn out üò¨ #HungerGamesPrequel #GameOfThronesFinale https://t.co/VnHuZSe1w7,0.0
76,2019-06-17 19:55:10,Bran the Broken üòÇ #GameOfThronesFinale,0.0
77,2019-06-17 19:44:02,Queen Daenerys never even sat on the Iron Throne. She just touched it and died #GameOfThronesFinale,0.0
78,2019-06-17 19:13:48,"RT @StartGrowthHack: Another example of deepfake. This time Jon Snow apologized for season 8 of Game Of Thrones.

#GameOfThrones #GameOfThr‚Ä¶",-0.4
79,2019-06-17 18:43:57,"One month has passed since the last episode of #GameOfThronesFinale 
#GameofThrones 
#got https://t.co/YHmWq79jIW",0.0
80,2019-06-17 18:37:08,Just finished #GOT #GameOfThronesFinale and the writers completely destroyed Jon Snow‚Äôs character arc. Most of the character arcs were destroyed. So many unanswered questions. #Disappointment,0.0
81,2019-06-17 18:32:27,"RT @waltermurimi92: Drogon destroying the iron throne because new king Bran got his own seat
#GameOfThronesFinale
#TheFinalEpisode
#GameOfT‚Ä¶",0.0
82,2019-06-17 18:29:55,"RT @acursedlove: EVERYBODY LET‚ÄôS SAY THANK YOU TO THE BEST CAST EVER. 

#GamefThrones #GameOfThronesFinale 
#TheFinalEpisode https://t.co/w‚Ä¶",0.0
83,2019-06-17 18:18:25,Everyone wanted a better death for her!! #GameOfThronesFinale https://t.co/8IobGGyEEB,0.5
84,2019-06-17 17:55:55,"#NewProfilePic since I'm going to finally start using twitter.

What's your house? (HP/GOT)

#HarryPotter #GameofThrones #GameOfThronesFinale #HouseTargaryen #Slytherin https://t.co/zY0NSBGLCz",0.0
85,2019-06-17 17:42:38,"Unable to let @GameOfThrones go? Neither are we, so we talk about it now that the dust has settled on the series finale, and share our thoughts on how it did - and should - have ended.

#GameOfThronesFinale #podcast

https://t.co/7DG7km2gcl",0.625
86,2019-06-17 17:25:15,"RT @Elhassan143: So basically Jon Snow went through what he had to go through just to get back to what he used to go throughüò≠
#GOT #GameOfT‚Ä¶",0.0
87,2019-06-17 17:22:37,"RT @LordImperiex89: #GameOfThronesFinale #GameOfThrones #GOT
D&amp;D really ended Game of Thrones like that.

Everyone https://t.co/ti4XHfgqnN",0.0
88,2019-06-17 17:14:01,"The content we need, the distribution we don't: Why HBO needs to up its game to stay relevant | https://t.co/PWLdxcpPlO @HBO @WarnerMediaGrp #GameOfThronesFinale #GameofThronesSeason8 #gameofthrones #tv #subscription #svod #TVShows #WhatToWatch https://t.co/FjtANlyEvH",0.0
89,2019-06-17 16:37:36,Wen bored at work...#aryastark #GameOfThronesFinale https://t.co/tzmal6Mebu,0.0
90,2019-06-17 16:27:02,Lena Headey On 'Game Of Thrones' Ending: 'I Wanted A Better Death' For Cersei https://t.co/vLAi9k7clA #GameOfThronesFinale #GameOfThrones #GoT https://t.co/oD0vJGTC3d,0.0
91,2019-06-17 16:25:41,"RT @FoldableHuman: Say what you will about the #GameOfThronesFinale, the John Hughes homage was a bold choice to end on. https://t.co/kKJrJ‚Ä¶",0.0
92,2019-06-17 16:19:48,@BorisJohnson is now in the position to destroy the political career of any opponent he chooses . Until they mount a backbench revolt after the general election . #GameOfThronesFinale https://t.co/FEJ8QRAQET,0.0
93,2019-06-17 16:05:39,"RT @TootingPRSS: Thanks @TootingTram for adding your #GameOfThrones Quiz to our #Tooting events page! https://t.co/ClOOfTRyDD
#GameOfThrone‚Ä¶",0.3
94,2019-06-17 16:00:33,"RT @TootingPRSS: Thanks @TootingTram for adding your #GameOfThrones Quiz to our #Tooting events page! https://t.co/ClOOfTRyDD
#GameOfThrone‚Ä¶",0.48828125
95,2019-06-17 15:49:26,"RT @Elhassan143: So basically Jon Snow went through what he had to go through just to get back to what he used to go throughüò≠
#GOT #GameOfT‚Ä¶",-0.4
96,2019-06-17 15:40:31,"So basically Jon Snow went through what he had to go through just to get back to what he used to go throughüò≠
#GOT #GameOfThronesFinale",0.0
97,2019-06-17 15:33:25,"RT @StartGrowthHack: Another example of deepfake. This time Jon Snow apologized for season 8 of Game Of Thrones.

#GameOfThrones #GameOfThr‚Ä¶",0.0
98,2019-06-17 15:26:25,"RT @ohmytargaryen: Drogon trying to wake up Dany
That moment destroyed my heart 

#GameOfThrones #GameOfThronesFinale https://t.co/46Y6bJnN‚Ä¶",0.0
99,2019-06-17 15:25:05,"Discover The 5 Step Framework I Used To Help My Students ‚ÄúGo From Zero‚Äù To Selling Over $31 Million in Products - Download My Audiobook Now!

  ""Master The Entire Formula To Starting From ZERO""

        https://t.co/WpMncTCyWo

#USA #uxdesignweekly  #USA #CA #GameOfThronesFinale",-0.4
100,2019-06-17 15:21:56,"Thanks @TootingTram for adding your #GameOfThrones Quiz to our #Tooting events page! https://t.co/ClOOfTRyDD
#GameOfThronesFinale #GoTFinale https://t.co/u2wOaz78sG",0.0
101,2019-06-17 15:17:51,"RT @casaSpammer: Review Game of Thrones: The Iron Throne 

#GameOfThronesFinale #GaneOfThrones #GameofThrones8x06 por @HypatiaHispalis 
htt‚Ä¶",0.0
102,2019-06-17 15:00:03,Mother of Dragons shirts! Glitter or reg! Tee or tank!!! Sizes up to 2X. #gotshirt #motherofdragons #MomBodSquad #MondayMorning #danerys #GameOfThronesFinale https://t.co/8cOibMQa4b,0.0
103,2019-06-17 14:29:10,"#GameOfThronesFinale @GameOfThrones #LenaHeadey  Game of Thrones' Star Lena Headey 'Wanted  Better' Death for Cersei  https://t.co/E5OLEkbkX9    GOT Writers: ‚Äúreally Lena, you DONT want your character to be crushed to death by a building?!! What kind of a pampered celeb are you?‚Äù https://t.co/nRv6Q47AME",0.0
104,2019-06-17 14:18:34,"And now his watch has ended. Check out UK-based artist Robert Ball's 'Beautiful Death' poster for the #GameOfThronesFinale, plus the other 5 he made for Season 8. This series completes his 74-poster #GameOfThrones collection tt started in 2011. #amwriting
https://t.co/QhLTpVnYNl",0.0
105,2019-06-17 14:00:57,"The voice sounds so similar to Kit Harington's Jon Snow accent it's hard to discern it from the real thing.
#KitHarrington #GameOfThronesFinale #video #funny #JonSnow

https://t.co/qo4ppd3Wa3 https://t.co/6KuLOQ9cdI",0.0
106,2019-06-17 13:47:52,RT @quadmcomics: NOW AVAILABLE for your listening enjoyment - THE QUAD M SHOW Ep. 156! Download or stream from your favorite podcast catchi‚Ä¶,0.0
107,2019-06-17 13:37:39,RT @defudger: #JonSnow's apology for Season 8 is finally out. #GameOfThronesFinale #GameOfTrones #got #deepfake https://t.co/uaKVLcjOKZ,0.0
108,2019-06-17 12:45:44,RT @AnahitaEfte: The most successful part of #GameOfThronesFinale was getting me pumped about the characters‚Äô endings in relation to the bo‚Ä¶,0.3333333333333333
109,2019-06-17 12:24:10,"dracarys
#GameOfThronesFinale #GameOfTrones #DaenerysTargaryen #GoTFinale #got #motherofdragons #HBO https://t.co/V6UTZ1KQUt",0.0
110,2019-06-17 12:03:00,"Scene is so similar... Looks like carbon copy from an old
Indian TV show Aladdin... Must watch!!

@HBO @GameOfThrones 
#aryakillsnightking #hbo  #GameOfThronesFinale #aryastark #copy
#resemblanceisuncanny https://t.co/TrxtTCTeC8",0.4
111,2019-06-17 10:52:25,"RT @gidoesworld: #VOICE_ANATOMY IS COMING BACK! GET YOUR TICKET! I'M NOT ASHAMED OF #JESUS_CHRIST!
#ÿ¨ÿØÿ©_ÿßŸÑÿ£ŸÜ #‡∏°‡∏≤‡∏ï‡∏≤‡∏Æ‡∏≤‡∏£‡∏µ‡πÇ‡∏õ‡πä‡∏∞‡πÅ‡∏ï‡∏Å #GameOfThrone‚Ä¶",0.4
112,2019-06-17 10:26:53,The Mother of Dragons deserved better... üêâ‚ù§Ô∏è #GameOfThronesFinale #GOT,0.0
113,2019-06-17 10:13:42,"Great night presenting and hosting for The Movie Prop Warehouse. Wun Wun and the Predator from AVP amongst others, the actor Ian Whyte. #host #presenter #wunwun #got #GamesOfThrones @UKPropWarehouse #GameOfThronesFinale  @Ian_Whyte @AnExpWith #starwars #prometheus #predator https://t.co/sgspHGew2r",0.0
114,2019-06-17 08:51:10,@UnSubtleDesi Even D&amp;D are smarter than INC. They didnt make Jon Snow the king of 7 kingdoms because he didnt want it. INC at least learn from GoT... :) #GameOfThronesFinale,0.0
115,2019-06-17 08:49:46,"RT @thegoodtheweird: https://t.co/0Oz3E1fwyu #forthethrone #GameOfThronesFinale soundtrack review :)

#sza #asaprocky #theweeknd #jamesarth‚Ä¶",0.0
116,2019-06-17 08:42:35,Game of thrones lovers.... Where does this place look like??..... Mine:Kings landing #GOTfinal #GameOfTrones #GameOfThonesFinale #gameofthones #GamesOfThrones #JonSnow #DaenerysTargaryen #SansaStark #HBO #AryaStark #GameOfThronesFinale https://t.co/VHbMN1ys40,0.0
117,2019-06-17 08:28:39,"RT @TheRealMuftah: The best speech ever in game of thrones ü§£ü§£

#gameofthrones
#gameofthronesfinale https://t.co/PBOXCtwMd7",-0.4
118,2019-06-17 08:02:34,RT @antora_shaon: this would have made absolute sense!!!! #GameOfThronesFinale https://t.co/SDayoQqpwf,0.0
119,2019-06-17 07:04:00,"RT @StartGrowthHack: Another example of deepfake. This time Jon Snow apologized for season 8 of Game Of Thrones.

#GameOfThrones #GameOfThr‚Ä¶",0.3
120,2019-06-17 07:01:47,RT @istillmisss: Me before calling HBO after Jon betrayed Daenerys #GameOfThronesFinale #istillmiss https://t.co/XC4KyZgCf2,-0.08333333333333333
121,2019-06-17 07:01:31,Me before calling HBO after Jon betrayed Daenerys #GameOfThronesFinale #istillmiss https://t.co/XC4KyZgCf2,0.5
122,2019-06-17 07:00:41,RT @THEtrevor15: The journey ends tonight #GameOfThronesFinale,0.0
123,2019-06-17 06:59:59,"RT @StartGrowthHack: Another example of deepfake. This time Jon Snow apologized for season 8 of Game Of Thrones.

#GameOfThrones #GameOfThr‚Ä¶",0.5
124,2019-06-17 06:53:55,RT @Ben_Amos__: Kings Landing must be the Midwest of Westeros because they went from snow to sunny weather in the course of a day #GamefThr‚Ä¶,0.0
125,2019-06-17 06:47:17,"Another example of deepfake. This time Jon Snow apologized for season 8 of Game Of Thrones.

#GameOfThrones #GameOfThronesFinale #GameofThronesSeason8 #JonSnow #DeepFake #Tech #Technology #GoT https://t.co/DP6pIv9iyT via StartGrowthHack",-0.4
126,2019-06-17 06:42:28,"Another example of deepfake. This time Jon Snow apologized for season 8 of Game Of Thrones.

#GameOfThrones #GameOfThronesFinale #GameofThronesSeason8 #JonSnow #DeepFake #Tech #Technology #GoT https://t.co/NiLARO8M7A",0.0
127,2019-06-17 06:23:43,"RT @taniie_: Tagged neck piece and bracelet 
Dm or pm 09053663364 to grab yoursüòÑ

 IG: https://t.co/Y9almT7vOv
Help Retweet üòöüòô 
#bracelets‚Ä¶",0.13636363636363635
128,2019-06-17 06:04:58,RT @KevinPigeon: If Sansa doesn‚Äôt show up with a giant Westerosi army I‚Äôm gonna be pissed off #GameOfThronesFinale,-1.0
129,2019-06-17 05:56:42,RT @PatrickSmith316: When you don't contribute to the group project &amp; still get an A  #GameOfThronesFinale https://t.co/mJHfEVcGQC,0.25
130,2019-06-17 05:41:12,"RT @daenerys_world: FIRE AND BLOOD üî•‚ù§ 

#GameofThrones #EmiliaClarke #DaenerysTargaryen #GameOfThronesFinale #GoTFinale #GOTfinal #gots8 #d‚Ä¶",0.0
131,2019-06-17 04:55:59,RT @devonpalmer_: #GameOfThronesFinale can‚Äôt believe this https://t.co/o4grycR8Ec,0.04999999999999999
132,2019-06-17 04:54:52,"RT @FoldableHuman: Say what you will about the #GameOfThronesFinale, the John Hughes homage was a bold choice to end on. https://t.co/kKJrJ‚Ä¶",-1.0
133,2019-06-17 04:48:38,RT @Wayne_1da: WWWTTTTTFFFFFFFFF WASSS THATTTTTTT???!!!!!!! #StillPissed #TheSopranosAllOverAgain #GOT #GOTFinale #GameOfThronesFinale #Gam‚Ä¶,-0.5
134,2019-06-17 04:47:10,RT @TehBryceisright: 8 seasons just so Westeros could elect some cereal grain as their next king #GameofThronesFinale,0.5852272727272727
135,2019-06-17 04:14:50,"RT @like60pandas: The last this Brienne wrote about Jamie was ""smashed this pussy lol"" 
Bet
#GameofThrones #GameOfThronesFinale",-0.05
136,2019-06-17 04:09:12,"RT @nitin_indave: Why don't just Arya ask Bran what is West of Westeroes ?? 
#GameOfThrones #GameOfThronesFinale 
#GOTFinale https://t.co/C‚Ä¶",0.0
137,2019-06-17 04:08:21,RT @yayserotonin: That's it. I found the ending we all deserve. I made myself forget the actual ending and convinced myself that this was h‚Ä¶,0.375
138,2019-06-17 04:03:12,"RT @MrFightClips: They got no damn respectüòÇ
#GameOfThrones #GameOfThronesFinale #GamesOfThronesFinale #GamefThrones #JonSnow #fights #fight‚Ä¶",0.0
139,2019-06-17 04:03:06,RT @ZABEN2002: So...what's the Night actually Watching now??? #GameofThrones #GameOfThronesFinale,0.15
140,2019-06-17 03:36:40,"RT @MoodyRob: Jon taking people back north, a reversal of people fleeing the north from the NK. Savior #theprincewhowaspromused #gameofthro‚Ä¶",0.3333333333333333
141,2019-06-17 02:31:34,"RT @daenerys_world: NOSTALGIE.....‚ùÑ‚ù§
I miss u @GameOfThrones 

#GameOfThronesFinale #GameOfThrones #DaenerysTargaryen #JonSnow #GoTFinale #‚Ä¶",-0.07777777777777779
142,2019-06-17 02:10:42,RT @Facciani10: They could not have done a worse job. #GameOfThronesFinale,0.0
143,2019-06-17 01:52:42,"FIRE AND BLOOD üî•‚ù§ 

#GameofThrones #EmiliaClarke #DaenerysTargaryen #GameOfThronesFinale #GoTFinale #GOTfinal #gots8 #dragons #AryaStark #Targaryen #France https://t.co/3jnZHR7jIZ",0.15
144,2019-06-17 01:41:55,RT @sammie__dil: How I feel seeing Jaime‚Äôs body after convincing myself he was alive #GameOfThronesFinale https://t.co/SOMfgTemsb,0.15
145,2019-06-17 01:40:37,"RT @GaryCMeleJr: (Essentially) a month after the #GameOfThronesFinale 

Know many were disappointed with the ending, but it didn‚Äôt take the‚Ä¶",0.0
146,2019-06-17 01:28:01,Lena Headey On 'Game Of Thrones' Ending: 'I Wanted A Better Death' For Cersei https://t.co/A0jXMXaaZk #GameOfThronesFinale #GameOfThrones #GoT https://t.co/Jqs5urfbcL,0.0
147,2019-06-17 01:25:02,"Do you know the REAL legend of King Arthur? Or just the imitations?
Discover the #epic #book series: https://t.co/by9W3pigYJ

#epicfantasy #Knight #FathersDay #Read #GameOfThronesFinale #GameofThrones #KindleBook https://t.co/BmWUmTPMto",0.0
148,2019-06-17 01:20:44,"RT @_PS_Snape: sometimes duty is death of love.
#ForTheThrone #DemThrones #GameOfThronesFinale
#GameOfThrones https://t.co/FrpgMveqSd",0.0
149,2019-06-17 00:49:09,"Finally finished #GameofThrones and I honestly thought the #GameOfThronesFinale was an amazing wrap up. Season 8 might be my favorite season. All in all, the show was a hell of a ride.",0.0
150,2019-06-17 00:47:51,"I see why people complain about the #GameOfThronesFinale 

Though people will complain about just any series that doesn't end the way they like.

What I'm tryna say is, READ THE BOOKS! Even if you've read them before, read them again

Sorry for bothering you üòÅ",0.0
151,2019-06-17 00:40:10,RT @RwB1599: My watch has ended! #GameOfThronesFinale #TheFinalEpisode,0.0
152,2019-06-17 00:31:23,A Song of meh: My Game of Thrones Series Finale Review https://t.co/THrO7yVSMA via @YouTube  #gameofthrones  #GoT #gameofthronesreview #gameofthronesfinale #latetotheparty,-0.2
153,2019-06-17 00:21:09,"Tagged neck piece and bracelet 
Dm or pm 09053663364 to grab yoursüòÑ

 IG: https://t.co/Y9almT7vOv
Help Retweet üòöüòô 
#bracelets #Got #GameOfThronesFinale #FathersDay #blinglagosians #TotalAFCON2019 #SundayThoughts https://t.co/woHyQA9PSX",0.0
154,2019-06-17 00:06:24,"#MySundayNightRituals
Mourn the ending of Game of Thrones! #GameOfThronesFinale",0.0
155,2019-06-16 23:52:47,"https://t.co/GyWnlOLrab

My new video
#HappyFathersDay #ŸäŸàŸÖ_ÿßŸÑÿßÿ®_ÿßŸÑÿπÿßŸÑŸÖŸä #AmitabhBachchan 
#GOT7_KEEPSPINNINGinSeoul_Day2  #GameOfThronesFinale",0.3333333333333333
156,2019-06-16 23:20:10,RT @robert_sith305: Game of thrones night king and Theon recreation!!!!!! #GameOfThronesFinale #GameofThronesSeason8 #nightking #GameOfThor‚Ä¶,0.5
157,2019-06-16 23:18:15,"RT @Shatha816: Why everyone was so unsatisfied and angry by the ending of #GOT #GameOfThronesFinale 
I feel it is the best senario ever üòçüëèüèΩ‚Ä¶",0.0
158,2019-06-16 23:13:29,#art  is doin  #drawings n stuff   tone    dus a bit  ov   paintin   on th  side  #GameOfThronesFinale  wassa  bit on th side i feel ü§Æ https://t.co/NAbUI3AXqH,0.3333333333333333
159,2019-06-16 22:59:01,"RT @Cutewalterr: #GameOfThronesFinale 

This guy just Perfected the Game of Thrones Characters. üòÇüòÇüòÇ

Which did he get the most?

https://t.‚Ä¶",0.09999999999999999
160,2019-06-16 22:42:50,RT @robert_sith305: Game of thrones night king and Theon recreation!!!!!! #GameOfThronesFinale #GameofThronesSeason8 #nightking #GameOfThor‚Ä¶,0.0
161,2019-06-16 22:42:15,RT @Dr_Nejad: Farewell Game of Thrones. Thank you for 8 years of entertainment! #GameOfThronesFinale,0.04999999999999999
162,2019-06-16 22:33:32,RT @Rorivera27: I just want to see if they make a new series with Arya called West of Westeros! I‚Äôll pay good money to see that series!! #A‚Ä¶,0.0
163,2019-06-16 22:26:30,RT @ArakiCrafts: Extra wide teeth comb https://t.co/fMLn07SiqN pocket size #mondaymotivation #travel #nature #GameOfThronesFinale #MyMornin‚Ä¶,0.0
164,2019-06-16 22:14:40,#JonSnow's apology for Season 8 is finally out. #GameOfThronesFinale #GameOfTrones #got #deepfake https://t.co/uaKVLcjOKZ,0.0
165,2019-06-16 22:13:50,"RT @LowahLavierah: One of the best and powerful scenes in GOTüëè I kept repeating it ,crying,smiling just mixed feelings..Peter is a really g‚Ä¶",0.0
166,2019-06-16 22:13:10,RT @amyjeanpdx: R U fucking kidding me @people?? WTFuck #michelecorriston you dumb B. The POST may contain spoilers? The HEADLINE GIVES THE‚Ä¶,0.0
167,2019-06-16 21:46:35,RT @xo_kristenleigh: ‚ÄúJaime Lannister is the nastiest skank bitch I‚Äôve ever met. DO NOT TRUST HIM. He is a fugly slut!‚Äù #GameOfThronesFinal‚Ä¶,0.0
168,2019-06-16 21:41:41,"RT @sanshodelaine: Queen in the north!
Lots of symbolism here. Chose the colors that mostly represent house Stark. Drawing the armor was th‚Ä¶",0.3333333333333333
169,2019-06-16 21:41:10,"RT @FoldableHuman: Say what you will about the #GameOfThronesFinale, the John Hughes homage was a bold choice to end on. https://t.co/kKJrJ‚Ä¶",0.0
170,2019-06-16 21:14:15,"Btw, while watching #GameOfThronesFinale and the #NBAFinals with the #WeTheNorth Toronto campaign, I must say I was hoping for some local #north Kosovo #political references.
Seemed only natural.",0.04999999999999999
171,2019-06-16 21:13:54,RT @ihateyoujodyy: Sam sitcho dumbass back down #GameOfThronesFinale,0.04999999999999999
172,2019-06-16 20:33:38,"RT @thegoodtheweird: https://t.co/0Oz3E1fwyu #forthethrone #GameOfThronesFinale soundtrack review :)

#sza #asaprocky #theweeknd #jamesarth‚Ä¶",0.09999999999999999
173,2019-06-16 20:23:52,"RT @sanshodelaine: Queen in the north!
Lots of symbolism here. Chose the colors that mostly represent house Stark. Drawing the armor was th‚Ä¶",0.04999999999999999
174,2019-06-16 20:23:22,"RT @sanshodelaine: Queen in the north!
Lots of symbolism here. Chose the colors that mostly represent house Stark. Drawing the armor was th‚Ä¶",0.0
175,2019-06-16 20:20:10,Just watched the last episode of #Jamestown. Did I blink? Did I miss something? It made the #GameOfThronesFinale seem positively well considered and overly long. So glad I spent these last few years watching it. Thanks for nothing.,0.09999999999999999
176,2019-06-16 20:12:32,"https://t.co/0Oz3E1fwyu #forthethrone #GameOfThronesFinale soundtrack review :)

#sza #asaprocky #theweeknd #jamesarthur",0.25
177,2019-06-16 19:58:15,"Some of you guys asked for more GOT, this might be the last one for a while, or at least until we get any interesting news regarding the show. Game of Thrones - The Assassination of Jon &amp; Daenerys! RANT https://t.co/XMG791j2nN via @YouTube #GameOfThronesFinale https://t.co/3yWhfYDIWx",0.0
178,2019-06-16 19:50:29,"Turns out, Jon Snow really did know nothing after all. Either that or David Benioff and¬†D. B. Weiss were so consumed with Daenery's character assassination that they forgot about this scene...and so many others. #GameOfThrones #GameOfThronesFinale https://t.co/oYXWGt6xcz",0.04999999999999999
179,2019-06-16 19:39:37,"""That's what i do i drink and i know things"" ~ Jungkook's style
#BTS #got #GameOfThronesFinale
https://t.co/aNNZJX9CB1",0.0
180,2019-06-16 19:34:48,RT @10YearsInTheUSA: Can‚Äôt still believe how whack was #GameOfThronesFinale  #GOT https://t.co/eDOEQedCvk,0.0
181,2019-06-16 19:30:24,Game of Thrones Night King! https://t.co/5UOa7yc7pt @EMGraphicsEbay @FWMediaTweets @EMGraphicsEbay @GameOfThrones #GameofThrones #GameOfThronesFinale #GameofThronesSeason8 #gots08e03 #gotseason7 #nightking #JonSnow #AryaStark #khaleesi #whitewalker #ebayfinds,0.0
182,2019-06-16 18:50:44,"@McKayMSmith Still in my boxers having just watched the #GameOfThronesFinale. 
I love #FathersDay",0.6333333333333333
183,2019-06-16 18:49:27,We wanted a better ending full stop!!! #letDown #GameOfThronesFinale https://t.co/vMDzG1gaU5,0.3333333333333333
184,2019-06-16 18:46:30,RT @renegadecut: The #GameofThronesFinale and reaction to it got me thinking about American interventionism and how we see civilian casualt‚Ä¶,0.04999999999999999
185,2019-06-16 18:39:49,We all expected a better death #GameOfThronesFinale https://t.co/cBfyi4G5Ou,-0.125
186,2019-06-16 18:38:04,You can find memes like this on our instagram page: #GameOfTrones #GameOfThronesFinale #stark #lannister #baratheon #joffrey #joffrey #tommen #cersei #bran #threeeyedraven #king #queen #westeros #bronnandhiscastle #instagram https://t.co/MRsLGYRXv8,0.04999999999999999
187,2019-06-16 18:16:20,Trending #GameofThrones #GameOfThonesFinale #GameOfTrones #gameofthones #gamefthrones #GamesOfThrones #GameOver #GameOfThornes #GameofThronesSeason8 #GameOfThronesFinale #leadership #management #investing #F4F,-0.21666666666666665
188,2019-06-16 18:14:20,"RT @tilspringblooms: ""When the snows fall and the white winds blow, the lone wolf dies but the pack survives."" ‚Äî 
#GameOfThronesFinale #The‚Ä¶",-1.0
189,2019-06-16 17:52:08,"Does @nikolajcw and @IAMLenaHeadey have a joint wardrobe?) this to much for my shipper heart!‚ù§
#GameOfThronesFinale #Cersei #JaimeLannister https://t.co/csyJDMj6Eo",0.0
190,2019-06-16 17:01:34,"LISTEN: recover from #GameOfThronesFinale with this week's metal mix! Featuring Through The Noise, Blacklist 9, Genus Ordinis Dei, Nereis, A Breach Of Silence, and many more on our TOTAL ECLIPSE Spotify playlist! https://t.co/aZt3QIURzR",-1.0
191,2019-06-16 16:48:06,RT @quadmcomics: NOW AVAILABLE for your listening enjoyment - THE QUAD M SHOW Ep. 156! Download or stream from your favorite podcast catchi‚Ä¶,0.41666666666666663
192,2019-06-16 15:52:30,Trish‚Äôs arc was exciting then painful to watch but it was done in such a way that it felt organic and earned. I kept comparing it to the way DnD crapped it for Dany. #JessicaJones #GameOfThronesFinale,0.0
193,2019-06-16 15:34:01,It's very strong. #DevilMayCry  #GameOfThronesFinale #GameOfThrones https://t.co/Sc65EpB6bu,-0.02121212121212122
194,2019-06-16 15:09:14,"RT @FoldableHuman: Say what you will about the #GameOfThronesFinale, the John Hughes homage was a bold choice to end on. https://t.co/kKJrJ‚Ä¶",0.0
195,2019-06-16 14:28:46,"RT @realFFK: ""Bend the knee""-Daenarys Targarayan

""Winter is coming""-Jon Snow. 

""For the night is dark and is full of terrors""-Mellisandra‚Ä¶",-1.0
196,2019-06-16 14:28:45,"RT @kistengandalf: My mood in #GameOfThrones. What are your thoughts on the #GameOfThronesFinale?
https://t.co/qBosbFI2av",-1.0
197,2019-06-16 13:04:39,"RT @cutewalter_: #GameOfThronesFinale 

This guy just Perfected the Game of Thrones Characters. üòÇüòÇüòÇ

Which did he get the most?

https://t.‚Ä¶",0.0
198,2019-06-16 12:31:29,"Let's talk about this cute little precious baby @IAMLenaHeadey 
‚ù§‚ù§‚ù§
#lenaheadey #GameOfThronesFinale #Cersei https://t.co/atXFFyNrZg",0.25
199,2019-06-16 12:25:07,Sick! #GameOfThronesFinale https://t.co/qiTUnFMPz4,0.0
200,2019-06-16 11:54:32,"And it was a ""wise"" ending, a classic move to be fair to all characters. Especialy giving Jon Snow a full circle ending as a night's watch man. So the audience could feel home. #GameOfThronesFinale",-1.0
201,2019-06-16 11:49:30,"I really like the ""King's Landing"" battle scene episode. Total chaos!! Fire everywhere, human body burned, no silly dialogues, just total fear and worry! The unsullied showed no mercy. #GameOfThronesFinale",-1.0
202,2019-06-16 10:59:35,"RT @kistengandalf: My mood in #GameOfThrones. What are your thoughts on the #GameOfThronesFinale?
https://t.co/qBosbFI2av",0.0
203,2019-06-16 10:59:23,"RT @kistengandalf: My mood in #GameOfThrones. What are your thoughts on the #GameOfThronesFinale?
https://t.co/qBosbFI2av",0.0
204,2019-06-16 10:59:21,"RT @kistengandalf: My mood in #GameOfThrones. What are your thoughts on the #GameOfThronesFinale?
https://t.co/qBosbFI2av",0.009523809523809526
205,2019-06-16 10:56:18,"You may agree or not, most of you cheapsters started watching @GameOfThrones as a porn struck seriesüòè and then ended it by whining about the possibilities of alternate endings. üê≤
#GameOfThronesFinale",0.04999999999999999
206,2019-06-16 09:00:09,"New video üëç
#YouTube #smallyoutuber #SmallYouTuberArmy #smallyoutubercommunity #SmallYouTubeArmy #GameOfThrones #GameOfThronesFinale
https://t.co/6IjiCMvx9p https://t.co/R1ZFsCOMpz",0.09999999999999999
207,2019-06-16 08:42:50,"RT @FoldableHuman: Say what you will about the #GameOfThronesFinale, the John Hughes homage was a bold choice to end on. https://t.co/kKJrJ‚Ä¶",0.0
208,2019-06-16 08:35:36,This was my predictions for how #GameOfThrones was going to end. I think my predictions are better than what we actually got üôä #GameOfThronesFinale #GameofThronesSeason8   https://t.co/VVIhskuyHK https://t.co/BKZcMfPzNU,0.09999999999999999
209,2019-06-16 08:22:56,"RT @cutewalter_: #GameOfThronesFinale 

This guy just Perfected the Game of Thrones Characters. üòÇüòÇüòÇ

Which did he get the most?

https://t.‚Ä¶",0.0
210,2019-06-16 08:11:34,"RT @cutewalter_: #GameOfThronesFinale 

This guy just Perfected the Game of Thrones Characters. üòÇüòÇüòÇ

Which did he get the most?

https://t.‚Ä¶",0.0
211,2019-06-16 08:00:30,"RT @realFFK: ""Bend the knee""-Daenarys Targarayan

""Winter is coming""-Jon Snow. 

""For the night is dark and is full of terrors""-Mellisandra‚Ä¶",0.16
212,2019-06-16 07:44:09,"- Halo? I don't want to talk right now, I finally finished #GameOfThronesFinale.
- But you're the one who's calling...

#GoTFinale",0.09999999999999999
213,2019-06-16 07:34:12,"RT @cutewalter_: #GameOfThronesFinale 

This guy just Perfected the Game of Thrones Characters. üòÇüòÇüòÇ

Which did he get the most?

https://t.‚Ä¶",0.04999999999999999
214,2019-06-16 07:23:19,RT @RituG15: #MenToo  #SAWvPAKW #Brexit #auspol #DateMyFamilly #GameOfThrones #India #SundayThoughts #Nadal #Trump #GameOfThronesFinale #ib‚Ä¶,0.0
215,2019-06-16 07:20:04,"RT @realFFK: ""Bend the knee""-Daenarys Targarayan

""Winter is coming""-Jon Snow. 

""For the night is dark and is full of terrors""-Mellisandra‚Ä¶",-0.1875
216,2019-06-16 07:13:05,"RT @Shatha816: Why everyone was so unsatisfied and angry by the ending of #GOT #GameOfThronesFinale 
I feel it is the best senario ever üòçüëèüèΩ‚Ä¶",-0.1875
217,2019-06-16 06:41:10,Dubrovnik is insane irl (and not burned down as seen in #GameOfThronesFinale) üî•üêâ‚öîÔ∏èüê∫‚ùÑÔ∏è https://t.co/fJ4ZsQp80V,0.0
218,2019-06-16 06:11:04,"RT @cutewalter_: #GameOfThronesFinale 

This guy just Perfected the Game of Thrones Characters. üòÇüòÇüòÇ

Which did he get the most?

https://t.‚Ä¶",-0.4
219,2019-06-16 06:05:27,"Friend: Tell me a joke.

Me: GOT S8

Friend: Hahaha

#GameOfThronesFinale #GameOfThrones #GameofThronesSeason8",0.3
220,2019-06-16 05:35:49,"So what happened to winter in Westeros?
Season 1-6 = ‚Äúwinter is coming‚Äù
Season 7 = ‚Äúwinter is here‚Äù
Season 8...
Season 8 Finale = Bran is King.
The End. #gameofthrones #GameOfThronesFinale https://t.co/iSrNaebW7L",0.0
221,2019-06-16 05:10:18,That's it. I found the ending we all deserve. I made myself forget the actual ending and convinced myself that this was how the last season actually went down. I am now satisfied. üó°Ô∏èüëë #GameOfThronesFinale https://t.co/O6xsqpD49n,0.21666666666666667
222,2019-06-16 04:30:11,Drogon is literally like ‚úåüèª we never should have crossed the sea anyway! #GameOfThronesFinale,0.0
223,2019-06-16 04:21:42,"RT @JonxDanyy: Legends never die.

Goodbye Daenerys Targaryen. You'll always be remembered as the brave, inspirational, kind hearted queen‚Ä¶",0.0
224,2019-06-16 04:05:49,"RT @FoldableHuman: Say what you will about the #GameOfThronesFinale, the John Hughes homage was a bold choice to end on. https://t.co/kKJrJ‚Ä¶",0.25
225,2019-06-16 04:02:43,"RT @cutewalter_: #GameOfThronesFinale 

This guy just Perfected the Game of Thrones Characters. üòÇüòÇüòÇ

Which did he get the most?

https://t.‚Ä¶",0.0
226,2019-06-16 03:48:59,RT @Gearboxstuff: They really just gave Bran who‚Äôs the weird ass cripple that didn‚Äôt do shit this entire season the Iron Throne and killed‚Ä¶,0.5
227,2019-06-16 03:42:25,"RT @cutewalter_: #GameOfThronesFinale 

This guy just Perfected the Game of Thrones Characters. üòÇüòÇüòÇ

Which did he get the most?

https://t.‚Ä¶",-0.4
228,2019-06-16 03:24:10,"RT @ANJALEE2001: My dramatic ass getting of the sofa, when finishing the last episode of  #GameofThrones and cancelling my Now TV subscript‚Ä¶",0.0
229,2019-06-16 03:10:04,RT @robert_sith305: Game of thrones night king and Theon recreation!!!!!! #GameOfThronesFinale #GameofThronesSeason8 #nightking #GameOfThor‚Ä¶,0.1875
230,2019-06-16 03:00:10,RT @Brancosalesasso: Fist bump ü§úü§õ would never happen on #GOT but it did on @ktlamorningnews for today's #GameOfThronesFinale.  Thanks to @D‚Ä¶,0.0
231,2019-06-16 01:57:55,"RT @faveslooks: Queen in the North.
#GameofThronesFinale https://t.co/1hTFGnho5m",0.0
232,2019-06-16 01:57:05,RT @robert_sith305: Game of thrones night king and Theon recreation!!!!!! #GameOfThronesFinale #GameofThronesSeason8 #nightking #GameOfThor‚Ä¶,0.0
233,2019-06-16 01:37:29,"RT @ThatAnjaliGupta: When Tyrion named BRAN the most worthy leader, I swear Sansa and Arya's expressions were the face of every woman who's‚Ä¶",0.0
234,2019-06-16 01:27:16,Have APPLE PAY CASH SET UP ‚ùì Flip $30 for $150 ‚ùóÔ∏è No cards. No banks. ONLY 1 time fee of $30. Dm me .‚ùóÔ∏è #targetdown #BTS5THMUSTER #FathersDay #INDvPAK #Pride #BluesParade #2019BTSFESTA #CWC19 #cashdrain #AlaskaHappyHour #CLIPPERDARRELLCARES #DallasCowboys #GameOfThronesFinale https://t.co/PMcDfjUuna,-0.2
235,2019-06-16 01:24:03,"RT @JoyScott13: Don‚Äôt mind me, I‚Äôm just crying hearing the #GamefThrones theme for the last time in a new episode üò≠üò≠üò≠ #GameOfThronesFinale",0.09999999999999999
236,2019-06-16 00:56:12,"RT @1LifeOfDeen: Samwell Tarly: Democracy 

Everyone else:

#GameOfThronesFinale https://t.co/FFpZCXKDgX",-0.4
237,2019-06-16 00:45:56,RT @robert_sith305: Game of thrones night king and Theon recreation!!!!!! #GameOfThronesFinale #GameofThronesSeason8 #nightking #GameOfThor‚Ä¶,0.0
238,2019-06-16 00:08:58,RT @robert_sith305: Game of thrones night king and Theon recreation!!!!!! #GameOfThronesFinale #GameofThronesSeason8 #nightking #GameOfThor‚Ä¶,0.0
239,2019-06-15 23:41:58,Endgame? Really? I Don't think so #GameOfThronesFinale @GameOfThrones @JohnnieWalkerPH @johnniewalker_ https://t.co/IbFiIB7LxO,0.0
240,2019-06-15 23:34:57,RT @P1Eddie: #GameOfThrones #GameOfThronesFinale really! https://t.co/SLTXZvTosB,0.0
241,2019-06-15 23:34:02,"RT @Queenziah: #Thefinaleepisode :
Daenerys dyes her hair and marries Bran #GameOfThronesFinale https://t.co/EUopoa3Mfa",0.04999999999999999
242,2019-06-15 23:30:58,RT @WafflesCat: DIREWOLF bread üòÇüòÇ@RosannaPansino #gameofthrones #GameOfThronesFinale https://t.co/xbS9nLm7EQ,0.0
243,2019-06-15 23:28:10,RT @robert_sith305: Game of thrones night king and Theon recreation!!!!!! #GameOfThronesFinale #GameofThronesSeason8 #nightking #GameOfThor‚Ä¶,0.16
244,2019-06-15 23:19:26,RT @robert_sith305: Game of thrones night king and Theon recreation!!!!!! #GameOfThronesFinale #GameofThronesSeason8 #nightking #GameOfThor‚Ä¶,0.0
245,2019-06-15 23:16:28,RT @renegadecut: The #GameofThronesFinale and reaction to it got me thinking about American interventionism and how we see civilian casualt‚Ä¶,0.045000000000000026
246,2019-06-15 23:09:15,Game of thrones night king and Theon recreation!!!!!! #GameOfThronesFinale #GameofThronesSeason8 #nightking #GameOfThornes #theon #arya #bran @GameOfThrones @HBO @SmokeScreenVids @Maisie_Williams @SophieT https://t.co/9PeoRQD8bP,-0.06590909090909092
247,2019-06-15 22:59:03,"RT @HausofMiren: #gameofthronesfinale - this is single handedly the most bad-ass scene in game of thrones

this is was made daenerys the le‚Ä¶",0.0
248,2019-06-15 22:42:10,"RT @cutewalter_: #GameOfThronesFinale 

This guy just Perfected the Game of Thrones Characters. üòÇüòÇüòÇ

Which did he get the most?

https://t.‚Ä¶",0.0
249,2019-06-15 22:17:17,"RT @realFFK: ""Bend the knee""-Daenarys Targarayan

""Winter is coming""-Jon Snow. 

""For the night is dark and is full of terrors""-Mellisandra‚Ä¶",0.5
250,2019-06-15 22:16:46,RT @renegadecut: The #GameofThronesFinale and reaction to it got me thinking about American interventionism and how we see civilian casualt‚Ä¶,0.0
251,2019-06-15 22:05:11,"RT @realFFK: ""Bend the knee""-Daenarys Targarayan

""Winter is coming""-Jon Snow. 

""For the night is dark and is full of terrors""-Mellisandra‚Ä¶",0.0
252,2019-06-15 21:53:44,RT @renegadecut: The #GameofThronesFinale and reaction to it got me thinking about American interventionism and how we see civilian casualt‚Ä¶,0.0
253,2019-06-15 21:53:02,"RT @sritawinterfell: THE MOTHER OF DRAGONS

#GameOfThronesFinale #GameOfThrones https://t.co/y0PHWrsUxQ",0.3333333333333333
254,2019-06-15 21:52:02,"RT @udotai_j: Jamie Lannister's kingslayer level is so high, he tried to kill the king 8 seasons agoüòÇüòÇüòÇ
#GameofThrones #GameOfThronesFinale‚Ä¶",-0.1
255,2019-06-15 21:45:04,"RT @realFFK: ""Bend the knee""-Daenarys Targarayan

""Winter is coming""-Jon Snow. 

""For the night is dark and is full of terrors""-Mellisandra‚Ä¶",0.0
256,2019-06-15 21:42:21,"RT @cutewalter_: #GameOfThronesFinale 

This guy just Perfected the Game of Thrones Characters. üòÇüòÇüòÇ

Which did he get the most?

https://t.‚Ä¶",0.0
257,2019-06-15 21:25:09,"Meet my Cat Venom, sitting there like he doesn't give a Shit on how ridiculous he looks like just as D&amp;D don't give a Shit about how they ruined the Show in the End. üòÇ #GameofThrones #GameOfThronesFinale #ASOIAF https://t.co/sFw8op7Bmn",1.0
258,2019-06-15 20:55:05,"RT @TargaryenHaught: D&amp;D are just 2 talentless little Dickheads who were pissed like 2 children beeing robbed of their Candy, just bcs thei‚Ä¶",0.35714285714285715
259,2019-06-15 20:51:30,"RT @TargaryenHaught: D&amp;D are just 2 talentless little Dickheads who were pissed like 2 children beeing robbed of their Candy, just bcs thei‚Ä¶",0.0
0,2019-06-18 16:25:25,"How about that #GameOfThronesFinale ? I tell ya, it sure would be tough to live back then! Absolutely no AC or electricity? Wild. Luckily Kong‚Äôs Electric is here to make sure you never have too!",0.0
1,2019-06-18 16:19:12,"RT @_iamDaryl: #GameOfThronesFinale
#TheFinalEpisode

This is what they should've done on choosing who's to rule on the throne https://t.co‚Ä¶",-0.4
2,2019-06-18 15:58:43,"RT @midiaresearch: No matter what happens with the new @WarnerMedia service, @HBO as-is will lose all of the value it brings to the market.‚Ä¶",0.3
3,2019-06-18 15:46:36,RT @WeDoNotKneel: So this is where Game of Thrones GoT it from üòÇ #GameofThrones #GameOfThronesFinale #TheLongNight #AryaStark #TheNightKing‚Ä¶,0.0
4,2019-06-18 15:42:52,"@HBO please create a final episode that lives up to the expectations of 8 seasons 73 episodes; an entirely different S8 E6, one far more fitting to the main character, one that we all waited for, it was sensationally deflating @GameOfThrones #gameofthrones #gameofthronesfinale",0.21666666666666667
5,2019-06-18 15:29:51,"STORM OF STEEL: Powerful combat memoir.

Click link: 
https://t.co/o9FkSv164E

  #Endgame #GameofThrones #GamesOfThrones #GameOfTrones  #GameOfThronesFinale #TheFinalEpisode #NBAPlayoffs #NBADraftLottery #GOTfinal #GOT #GOTS8E6 #GameofThrones #Warriors #Raptors #RaptorsvsWarriors https://t.co/EoCSbyr6ZM",0.0
6,2019-06-18 15:22:59,So this is where Game of Thrones GoT it from üòÇ #GameofThrones #GameOfThronesFinale #TheLongNight #AryaStark #TheNightKing #GameofThronesfunny #GameofThronesSeason8 https://t.co/m8rLr843uQ,0.0
7,2019-06-18 15:14:35,"RT @thewhiteshewolf: All hail King Jon Snow, First of His Name, Lord of the North Beyond the Wall, Protector of the Free Folk, The White Wo‚Ä¶",0.25
8,2019-06-18 14:43:50,"We have few new arrivals!! Get awesome Lich King Figurine from #Warcraft, #Naruto Gals, #Witcher Wallet and #GameOfThronesFinale Sticker for your personal Throne!

https://t.co/fbUVoQcMKQ https://t.co/TFIPnhBf8j",0.0
9,2019-06-18 14:19:39,RT @c0n0r_16: Me preparing myself for the #GameOfThronesFinale https://t.co/98ypjgdDKq,0.5
10,2019-06-18 14:05:54,RT @downhill39: Ready! #GameOfThronesFinale https://t.co/yIj13Un2UQ,-0.4
11,2019-06-18 14:04:30,RT @sCaezar: Drawing of the Tyrion Lannister #GameOfThrones #GOTFinale #GameOfThronesFinale #GOT https://t.co/sZaykI7QNi,0.0
12,2019-06-18 13:56:25,RT @quadmcomics: NOW AVAILABLE for your listening enjoyment - THE QUAD M SHOW Ep. 156! Download or stream from your favorite podcast catchi‚Ä¶,0.1875
13,2019-06-18 13:39:17,RT @KarenGiannina6: I just texted my therapist to see if she can squeeze me in tomorrow after watching the series finale of Game of Thrones‚Ä¶,0.0
14,2019-06-18 13:33:17,Game of Thrones makes us question evil in the real world | Opinion https://t.co/imqNZXfZK5 #gameofthronesfinale,0.0
15,2019-06-18 12:59:06,"Arya should have been the one to 86 Cersei, not gravity. #gameofthrones #GameOfThronesFinale #GameofThronesSeason8 (note: I didn‚Äôt make this image, credit goes to the original graphic designer). https://t.co/5UdgAWb5Cx https://t.co/ODhEOjISEX",0.0
16,2019-06-18 12:57:59,"This is how should have ended! 
#DaenerysTargaryen #GameOfThronesFinale https://t.co/JwPTSGqBrX",0.0
17,2019-06-18 12:50:19,RT @nightbloodblake: sansa stark. sansa stark finally did it. FUCK SHE DESERVES THIS. I‚Äôm beyond proud of sansa üëë #GameOfThones #GameofThro‚Ä¶,-0.2
18,2019-06-18 12:41:00,"This was before we watched it though üò£

Show tickets: https://t.co/mYkLVYmBXX

#gameofjokes #lol #GameOfThronesFinale #gameofjokes #lol #standupcomedy #funnymemes https://t.co/Pg93fbF5so",0.09999999999999999
19,2019-06-18 12:19:32,RT @sCaezar: Drawing of the Tyrion Lannister #GameOfThrones #GOTFinale #GameOfThronesFinale #GOT https://t.co/sZaykI7QNi,-0.4
20,2019-06-18 09:50:53,"Hey twitter. I just watched the last episode of #gameofthrones. #Feeling a bit #stunned. Sometimes things go bad but it is necessary too. The end of one #story is the start of another. 
.
.
#peterdinklage #tyrionlannister #EmiliaClark #hbo #GameOfThronesFinale #GOT #KitHarrington",0.0
21,2019-06-18 09:49:07,"RT @suyashwayal: Arya Stark : Queen of the New World

Jon Snow : King of Free Folks

Sansa Stark: Queen in the North

Brandon Stark : King‚Ä¶",0.0
22,2019-06-18 08:54:55,"RT @realFFK: ""Bend the knee""-Daenarys Targarayan

""Winter is coming""-Jon Snow. 

""For the night is dark and is full of terrors""-Mellisandra‚Ä¶",0.0
23,2019-06-18 08:49:31,RT @debrisumule: Starks won the game ‚ù§Ô∏è #GameOfThronesFinale https://t.co/Z4AUW9g6tz,0.0
24,2019-06-18 08:12:00,"RT @StaniomaN: Check out The Treasure Room by me in #3D, #VR or #AR https://t.co/5BYEhAeQMs  via @sketchfab
#GameOfThronesFinale #cgart #in‚Ä¶",0.04999999999999999
25,2019-06-18 08:10:56,"Check out The Treasure Room by me in #3D, #VR or #AR https://t.co/5BYEhAeQMs  via @sketchfab
#GameOfThronesFinale #cgart #indiedev #IndieGameDev #ShareTheLove #skunkworkz #Salesforce #Download #TuesdayMotivation #polycount #lowpoly #sketchfab #gameready
https://t.co/XTeJiSsB0k https://t.co/fKxobRUilW",0.0
26,2019-06-18 07:21:01,"No matter what happens with the new @WarnerMedia service, @HBO as-is will lose all of the value it brings to the market. So what is HBO to do next? | https://t.co/PWLdxcpPlO #GameOfThronesFinale #GameofThrones #TVShows #WhatToWatch https://t.co/B2QOKUdiCY",0.16
27,2019-06-18 07:20:53,"RT @daenerys_world: NOSTALGIE.....‚ùÑ‚ù§
I miss u @GameOfThrones 

#GameOfThronesFinale #GameOfThrones #DaenerysTargaryen #JonSnow #GoTFinale #‚Ä¶",0.0
28,2019-06-18 07:11:10,"Just an FYI my Chanel is closed, and I would have said this sooner but I didn‚Äôt know this twitter existed. Have a grand life! #youtube #GameOfThronesFinale #doometernal #gamingcommunity https://t.co/fnEy8IW5TZ",0.045000000000000026
29,2019-06-18 07:09:23,can‚Äôt belive sandor clegane got the iron throne!!!!! #itswhathedeserves #GameOfThronesFinale,-0.06590909090909092
30,2019-06-18 07:01:15,RT @KOlusola: Guess we should celebrate the final episode of @GameOfThrones together..... #Dracarys #youknownothingjonsnow #WinterIsComing‚Ä¶,0.0
31,2019-06-18 06:55:01,How Drama can Underpin Reality in the Age of Post-Truth | https://t.co/H091yujtlF #GameOfThronesFinale #GameOfThrones #TVShows #drama #scripteddrama #WhatTOWatch #MIDiAIndex https://t.co/TKDWlLd3bi,0.0
32,2019-06-18 06:34:47,"RT @trainerstechs: Jon Snow Apologizes for Game of Thrones Season 8 in Hilarious Fan Edit
https://t.co/FXrUiWtxng
#GOTfinal #GOT #GameOfThr‚Ä¶",0.5
33,2019-06-18 06:27:34,"Jon Snow Apologizes for Game of Thrones Season 8 in Hilarious Fan Edit
https://t.co/FXrUiWtxng
#GOTfinal #GOT #GameOfThronesFinale #GameOfThonesFinale #GameofThrones #gameofthones #GamesOfThrones #movies #movie #streamer #StreamerNetwork #streaming #VIDEO #VIDEOS #film #MovieTwit",0.0
34,2019-06-18 06:21:37,"RT @udotai_j: Jamie Lannister's kingslayer level is so high, he tried to kill the king 8 seasons agoüòÇüòÇüòÇ
#GameofThrones #GameOfThronesFinale‚Ä¶",0.0
35,2019-06-18 05:56:33,"New Arrival--Game of Thrones 8 Daenerys Targaryen cosplay costume detail overview #GameOfThronesFinale #DaenerysTargaryen #cosplaycostume
https://t.co/Kmz9qsV4b9 https://t.co/EXrkzh41H0",0.0
36,2019-06-18 05:36:58,"https://t.co/NPHrBatFog How should #gameofthrones have ended? Well, better for a start! #got #GoTFinale #GOTS8E6 #game #alternateending #GameOfThronesFinale #hbo #writing #was #bad #we #really #think #we #could #have #done #better",0.3333333333333333
37,2019-06-18 05:25:08,"RT @bakchodbanker: Desi #GameOfTrones
#GameOfThronesFinale 
@Maisie_Williams you have competition now https://t.co/FmUeWgtXnA",-0.1
38,2019-06-18 04:58:59,"Events in entertainment that ended this year: Shows that I will miss...

1. #AvengersEndgame 
2. #GameOfThronesFinale 
3. #TheBigBangTheory
4. #TheStarters on NBA TV
5. Criminal Minds
6. Orange is the New Black
7.  Arrow
8. #SiliconValley 
9. Suits
10. Supernatural 
11. Veep

üò¢",0.0
39,2019-06-18 04:57:43,I can‚Äôt top this and that‚Äôs the point #drinking #GameOfThronesFinale https://t.co/LJh5qBkgQr,0.0
40,2019-06-18 04:35:45,"RT @ScreenCosmos: He grow up to be a doctor üòÅ
#GameOfThronesFinale 
#gameofthones https://t.co/qICrB1s0oj",1.0
41,2019-06-18 04:35:24,"Psalm 147: 11. the Lord delights in those who fear him, who put their hope in his unfailing love. 

#TuesdayThoughts 
#WomensWorldCup2019 
#Atheist #Atheism #Satan
#Islam #Hindu #Auspol
#Assange #MasterChefAU 
#BREAKING #HongKong #GameOfThronesFinale 
#Justice4MuhammadBilalKhan",0.35714285714285715
42,2019-06-18 04:21:04,bran the broken okayy. but why Jon‚Äôs ending? Cersei did not deserve that type of peace. Sansa Stark has done absolutely nothing for 8 seasons and ! I will die for Arya üíó#GameOfThronesFinale üê∫,0.0
43,2019-06-18 04:16:18,Nice try @HBO #GameofThrones #GameOfThronesFinale ü§£ü§£ü§£ https://t.co/xYB97QiUex,0.3333333333333333
44,2019-06-18 04:07:56,RT @nolefan1990: They were the performers that entertained the realms of men and we shall never see their likes again! #GamefThrones #GameO‚Ä¶,0.3333333333333333
45,2019-06-18 04:01:03,Finally an apology! https://t.co/Wj1AtzWvt4 #GameOfThronesFinale #GameOfTrones #GOTfinal #GoTFinale #Deepfake  #ArtificialIntelligence,0.0
46,2019-06-18 03:53:22,"RT @FoldableHuman: Say what you will about the #GameOfThronesFinale, the John Hughes homage was a bold choice to end on. https://t.co/kKJrJ‚Ä¶",0.3694444444444444
47,2019-06-18 03:32:06,"RT @ElliotStanion14: Yep, I‚Äôm still bitter about it.... #GameofThrones #GameofThronesFinale https://t.co/JvgDFr0Zer",0.0
48,2019-06-18 02:34:01,RT @10YearsInTheUSA: Can‚Äôt still believe how whack was #GameOfThronesFinale  #GOT https://t.co/eDOEQedCvk,1.0
49,2019-06-18 01:47:16,didn't expect that #GodzillaMovie would be better than #GameOfThronesFinale,0.0
50,2019-06-18 01:46:26,@Maisie_Williams congrats on your nomination ‚ù§Ô∏èüíØüí™üèΩ#GameOfThronesFinale #aryastark https://t.co/kSmq3EQxkW,0.0
51,2019-06-18 01:41:45,"RT @acursedlove: EVERYBODY LET‚ÄôS SAY THANK YOU TO THE BEST CAST EVER. 

#GamefThrones #GameOfThronesFinale 
#TheFinalEpisode https://t.co/w‚Ä¶",0.0
52,2019-06-18 01:39:30,"RT @ohshhitsnesqwik: Time to watch the #MTVAwards dumpster awards. #Awards #zacharylevi @ZacharyLevi is great though, @Maisie_Williams bett‚Ä¶",0.625
53,2019-06-18 01:31:23,"RT @ohshhitsnesqwik: Time to watch the #MTVAwards dumpster awards. #Awards #zacharylevi @ZacharyLevi is great though, @Maisie_Williams bett‚Ä¶",0.425
54,2019-06-18 01:28:43,"RT @ohshhitsnesqwik: Time to watch the #MTVAwards dumpster awards. #Awards #zacharylevi @ZacharyLevi is great though, @Maisie_Williams bett‚Ä¶",0.0
55,2019-06-18 01:24:18,"RT @CasualNerdom: Special Episode on #GameOfThronesFinale #gameofthrones #podcastshow 

What did you guys what to see?

https://t.co/ybC5gd‚Ä¶",0.6000000000000001
56,2019-06-18 01:22:14,RT @devine_jas: How im about to be for the next 3 months tryin to get over this lack luster finale #gameofthronesfinale #gameofthrones #dem‚Ä¶,0.0
57,2019-06-18 01:04:56,"Time to watch the #MTVAwards dumpster awards. #Awards #zacharylevi @ZacharyLevi is great though, @Maisie_Williams better win! #GameofThrones #GameOfThronesFinale",-0.05
58,2019-06-18 00:59:09,"#DarkPhoenix and #GameOfThronesFinale have a similarity, ha ha ha. Epic failure.",0.0
59,2019-06-18 00:35:01,"RT @FoldableHuman: Say what you will about the #GameOfThronesFinale, the John Hughes homage was a bold choice to end on. https://t.co/kKJrJ‚Ä¶",-0.4
60,2019-06-18 00:29:27,"RT @FoldableHuman: Say what you will about the #GameOfThronesFinale, the John Hughes homage was a bold choice to end on. https://t.co/kKJrJ‚Ä¶",0.0
61,2019-06-18 00:26:02,RT @devonpalmer_: #GameOfThronesFinale can‚Äôt believe this https://t.co/o4grycR8Ec,0.1787878787878788
62,2019-06-18 00:04:10,"RT @gameofupdates: thank you to the most incredible cast for working so hard to bring our favourite characters to life ‚ù§Ô∏è

#gameofthrones #‚Ä¶",1.0
63,2019-06-17 23:52:41,RT @dianewinston: My fave: Game of Thrones and the real world |https://t.co/vcDH5Tthsl @RNS @usccrcc #GameOfThronesFinale @Sacred_Writes #A‚Ä¶,0.0
64,2019-06-17 23:50:46,"RT @acursedlove: EVERYBODY LET‚ÄôS SAY THANK YOU TO THE BEST CAST EVER. 

#GamefThrones #GameOfThronesFinale 
#TheFinalEpisode https://t.co/w‚Ä¶",0.0
65,2019-06-17 22:57:37,RT @renegadecut: The #GameofThronesFinale and reaction to it got me thinking about American interventionism and how we see civilian casualt‚Ä¶,0.0
66,2019-06-17 21:56:27,"Season 8 is @realDonaldTrump's favorite season of Game of Thrones. 

#got #eightysixfourtyfive #bigly #GameOfThronesFinale #gameofthrones",0.0
67,2019-06-17 21:51:16,"RT @LagbhagSecular: When you do nothing in the group project, but still you get +A. 

#GameofThrones #GameOfThronesFinale https://t.co/n343‚Ä¶",-0.1
68,2019-06-17 21:51:15,"RT @norrasthlm: #gameofthrones¬†#gameofthronesfinale

the only thing that mattered from season 8 https://t.co/SyUDL1TgwI",0.0
69,2019-06-17 20:50:48,RT @redbandreview: We‚Äôre now available on iTunes and all #podcast apps that use this library! Come join the party! #mcu #johnwick #GameOfTh‚Ä¶,0.0
70,2019-06-17 20:48:04,RT @OloyeBukoye: The True King of the Seven Kingdom. #GameOfThrones #GameOfThronesFinale #JonSnow we love you https://t.co/RjPUeSPI8m,0.5
71,2019-06-17 20:27:25,"@nikolajcw best brother EVER! He always have some sweets for sister @IAMLenaHeadey üòã‚ù§
#GameOfThronesFinale #cersei #jaimelannister https://t.co/mgESOGTD0I",0.3333333333333333
72,2019-06-17 20:16:53,RT @ItsGeroZ: #GOTFinale #GameOfThronesFinale  I hope HBO and their producers realize how they screwed up an amazing story and apologize fo‚Ä¶,0.0
73,2019-06-17 20:16:48,"Thank you, Jon Snow. You DO know something. #GameOfThronesFinale #YouKnowSomethingJonSnow #Iagree https://t.co/wkyBwOdCbO",0.0
74,2019-06-17 20:06:08,RT @BrucieFilm: As long as the films don't overtake the books if they make a prequel trilogy. We all know how that can turn out üò¨ #HungerGa‚Ä¶,-0.4
75,2019-06-17 19:58:50,As long as the films don't overtake the books if they make a prequel trilogy. We all know how that can turn out üò¨ #HungerGamesPrequel #GameOfThronesFinale https://t.co/VnHuZSe1w7,0.0
76,2019-06-17 19:55:10,Bran the Broken üòÇ #GameOfThronesFinale,0.0
77,2019-06-17 19:44:02,Queen Daenerys never even sat on the Iron Throne. She just touched it and died #GameOfThronesFinale,0.0
78,2019-06-17 19:13:48,"RT @StartGrowthHack: Another example of deepfake. This time Jon Snow apologized for season 8 of Game Of Thrones.

#GameOfThrones #GameOfThr‚Ä¶",-0.4
79,2019-06-17 18:43:57,"One month has passed since the last episode of #GameOfThronesFinale 
#GameofThrones 
#got https://t.co/YHmWq79jIW",0.0
80,2019-06-17 18:37:08,Just finished #GOT #GameOfThronesFinale and the writers completely destroyed Jon Snow‚Äôs character arc. Most of the character arcs were destroyed. So many unanswered questions. #Disappointment,0.0
81,2019-06-17 18:32:27,"RT @waltermurimi92: Drogon destroying the iron throne because new king Bran got his own seat
#GameOfThronesFinale
#TheFinalEpisode
#GameOfT‚Ä¶",0.0
82,2019-06-17 18:29:55,"RT @acursedlove: EVERYBODY LET‚ÄôS SAY THANK YOU TO THE BEST CAST EVER. 

#GamefThrones #GameOfThronesFinale 
#TheFinalEpisode https://t.co/w‚Ä¶",0.0
83,2019-06-17 18:18:25,Everyone wanted a better death for her!! #GameOfThronesFinale https://t.co/8IobGGyEEB,0.5
84,2019-06-17 17:55:55,"#NewProfilePic since I'm going to finally start using twitter.

What's your house? (HP/GOT)

#HarryPotter #GameofThrones #GameOfThronesFinale #HouseTargaryen #Slytherin https://t.co/zY0NSBGLCz",0.0
85,2019-06-17 17:42:38,"Unable to let @GameOfThrones go? Neither are we, so we talk about it now that the dust has settled on the series finale, and share our thoughts on how it did - and should - have ended.

#GameOfThronesFinale #podcast

https://t.co/7DG7km2gcl",0.625
86,2019-06-17 17:25:15,"RT @Elhassan143: So basically Jon Snow went through what he had to go through just to get back to what he used to go throughüò≠
#GOT #GameOfT‚Ä¶",0.0
87,2019-06-17 17:22:37,"RT @LordImperiex89: #GameOfThronesFinale #GameOfThrones #GOT
D&amp;D really ended Game of Thrones like that.

Everyone https://t.co/ti4XHfgqnN",0.0
88,2019-06-17 17:14:01,"The content we need, the distribution we don't: Why HBO needs to up its game to stay relevant | https://t.co/PWLdxcpPlO @HBO @WarnerMediaGrp #GameOfThronesFinale #GameofThronesSeason8 #gameofthrones #tv #subscription #svod #TVShows #WhatToWatch https://t.co/FjtANlyEvH",0.0
89,2019-06-17 16:37:36,Wen bored at work...#aryastark #GameOfThronesFinale https://t.co/tzmal6Mebu,0.0
90,2019-06-17 16:27:02,Lena Headey On 'Game Of Thrones' Ending: 'I Wanted A Better Death' For Cersei https://t.co/vLAi9k7clA #GameOfThronesFinale #GameOfThrones #GoT https://t.co/oD0vJGTC3d,0.0
91,2019-06-17 16:25:41,"RT @FoldableHuman: Say what you will about the #GameOfThronesFinale, the John Hughes homage was a bold choice to end on. https://t.co/kKJrJ‚Ä¶",0.0
92,2019-06-17 16:19:48,@BorisJohnson is now in the position to destroy the political career of any opponent he chooses . Until they mount a backbench revolt after the general election . #GameOfThronesFinale https://t.co/FEJ8QRAQET,0.0
93,2019-06-17 16:05:39,"RT @TootingPRSS: Thanks @TootingTram for adding your #GameOfThrones Quiz to our #Tooting events page! https://t.co/ClOOfTRyDD
#GameOfThrone‚Ä¶",0.3
94,2019-06-17 16:00:33,"RT @TootingPRSS: Thanks @TootingTram for adding your #GameOfThrones Quiz to our #Tooting events page! https://t.co/ClOOfTRyDD
#GameOfThrone‚Ä¶",0.48828125
95,2019-06-17 15:49:26,"RT @Elhassan143: So basically Jon Snow went through what he had to go through just to get back to what he used to go throughüò≠
#GOT #GameOfT‚Ä¶",-0.4
96,2019-06-17 15:40:31,"So basically Jon Snow went through what he had to go through just to get back to what he used to go throughüò≠
#GOT #GameOfThronesFinale",0.0
97,2019-06-17 15:33:25,"RT @StartGrowthHack: Another example of deepfake. This time Jon Snow apologized for season 8 of Game Of Thrones.

#GameOfThrones #GameOfThr‚Ä¶",0.0
98,2019-06-17 15:26:25,"RT @ohmytargaryen: Drogon trying to wake up Dany
That moment destroyed my heart 

#GameOfThrones #GameOfThronesFinale https://t.co/46Y6bJnN‚Ä¶",0.0
99,2019-06-17 15:25:05,"Discover The 5 Step Framework I Used To Help My Students ‚ÄúGo From Zero‚Äù To Selling Over $31 Million in Products - Download My Audiobook Now!

  ""Master The Entire Formula To Starting From ZERO""

        https://t.co/WpMncTCyWo

#USA #uxdesignweekly  #USA #CA #GameOfThronesFinale",-0.4
100,2019-06-17 15:21:56,"Thanks @TootingTram for adding your #GameOfThrones Quiz to our #Tooting events page! https://t.co/ClOOfTRyDD
#GameOfThronesFinale #GoTFinale https://t.co/u2wOaz78sG",0.0
101,2019-06-17 15:17:51,"RT @casaSpammer: Review Game of Thrones: The Iron Throne 

#GameOfThronesFinale #GaneOfThrones #GameofThrones8x06 por @HypatiaHispalis 
htt‚Ä¶",0.0
102,2019-06-17 15:00:03,Mother of Dragons shirts! Glitter or reg! Tee or tank!!! Sizes up to 2X. #gotshirt #motherofdragons #MomBodSquad #MondayMorning #danerys #GameOfThronesFinale https://t.co/8cOibMQa4b,0.0
103,2019-06-17 14:29:10,"#GameOfThronesFinale @GameOfThrones #LenaHeadey  Game of Thrones' Star Lena Headey 'Wanted  Better' Death for Cersei  https://t.co/E5OLEkbkX9    GOT Writers: ‚Äúreally Lena, you DONT want your character to be crushed to death by a building?!! What kind of a pampered celeb are you?‚Äù https://t.co/nRv6Q47AME",0.0
104,2019-06-17 14:18:34,"And now his watch has ended. Check out UK-based artist Robert Ball's 'Beautiful Death' poster for the #GameOfThronesFinale, plus the other 5 he made for Season 8. This series completes his 74-poster #GameOfThrones collection tt started in 2011. #amwriting
https://t.co/QhLTpVnYNl",0.0
105,2019-06-17 14:00:57,"The voice sounds so similar to Kit Harington's Jon Snow accent it's hard to discern it from the real thing.
#KitHarrington #GameOfThronesFinale #video #funny #JonSnow

https://t.co/qo4ppd3Wa3 https://t.co/6KuLOQ9cdI",0.0
106,2019-06-17 13:47:52,RT @quadmcomics: NOW AVAILABLE for your listening enjoyment - THE QUAD M SHOW Ep. 156! Download or stream from your favorite podcast catchi‚Ä¶,0.0
107,2019-06-17 13:37:39,RT @defudger: #JonSnow's apology for Season 8 is finally out. #GameOfThronesFinale #GameOfTrones #got #deepfake https://t.co/uaKVLcjOKZ,0.0
108,2019-06-17 12:45:44,RT @AnahitaEfte: The most successful part of #GameOfThronesFinale was getting me pumped about the characters‚Äô endings in relation to the bo‚Ä¶,0.3333333333333333
109,2019-06-17 12:24:10,"dracarys
#GameOfThronesFinale #GameOfTrones #DaenerysTargaryen #GoTFinale #got #motherofdragons #HBO https://t.co/V6UTZ1KQUt",0.0
110,2019-06-17 12:03:00,"Scene is so similar... Looks like carbon copy from an old
Indian TV show Aladdin... Must watch!!

@HBO @GameOfThrones 
#aryakillsnightking #hbo  #GameOfThronesFinale #aryastark #copy
#resemblanceisuncanny https://t.co/TrxtTCTeC8",0.4
111,2019-06-17 10:52:25,"RT @gidoesworld: #VOICE_ANATOMY IS COMING BACK! GET YOUR TICKET! I'M NOT ASHAMED OF #JESUS_CHRIST!
#ÿ¨ÿØÿ©_ÿßŸÑÿ£ŸÜ #‡∏°‡∏≤‡∏ï‡∏≤‡∏Æ‡∏≤‡∏£‡∏µ‡πÇ‡∏õ‡πä‡∏∞‡πÅ‡∏ï‡∏Å #GameOfThrone‚Ä¶",0.4
112,2019-06-17 10:26:53,The Mother of Dragons deserved better... üêâ‚ù§Ô∏è #GameOfThronesFinale #GOT,0.0
113,2019-06-17 10:13:42,"Great night presenting and hosting for The Movie Prop Warehouse. Wun Wun and the Predator from AVP amongst others, the actor Ian Whyte. #host #presenter #wunwun #got #GamesOfThrones @UKPropWarehouse #GameOfThronesFinale  @Ian_Whyte @AnExpWith #starwars #prometheus #predator https://t.co/sgspHGew2r",0.0
114,2019-06-17 08:51:10,@UnSubtleDesi Even D&amp;D are smarter than INC. They didnt make Jon Snow the king of 7 kingdoms because he didnt want it. INC at least learn from GoT... :) #GameOfThronesFinale,0.0
115,2019-06-17 08:49:46,"RT @thegoodtheweird: https://t.co/0Oz3E1fwyu #forthethrone #GameOfThronesFinale soundtrack review :)

#sza #asaprocky #theweeknd #jamesarth‚Ä¶",0.0
116,2019-06-17 08:42:35,Game of thrones lovers.... Where does this place look like??..... Mine:Kings landing #GOTfinal #GameOfTrones #GameOfThonesFinale #gameofthones #GamesOfThrones #JonSnow #DaenerysTargaryen #SansaStark #HBO #AryaStark #GameOfThronesFinale https://t.co/VHbMN1ys40,0.0
117,2019-06-17 08:28:39,"RT @TheRealMuftah: The best speech ever in game of thrones ü§£ü§£

#gameofthrones
#gameofthronesfinale https://t.co/PBOXCtwMd7",-0.4
118,2019-06-17 08:02:34,RT @antora_shaon: this would have made absolute sense!!!! #GameOfThronesFinale https://t.co/SDayoQqpwf,0.0
119,2019-06-17 07:04:00,"RT @StartGrowthHack: Another example of deepfake. This time Jon Snow apologized for season 8 of Game Of Thrones.

#GameOfThrones #GameOfThr‚Ä¶",0.3
120,2019-06-17 07:01:47,RT @istillmisss: Me before calling HBO after Jon betrayed Daenerys #GameOfThronesFinale #istillmiss https://t.co/XC4KyZgCf2,-0.08333333333333333
121,2019-06-17 07:01:31,Me before calling HBO after Jon betrayed Daenerys #GameOfThronesFinale #istillmiss https://t.co/XC4KyZgCf2,0.5
122,2019-06-17 07:00:41,RT @THEtrevor15: The journey ends tonight #GameOfThronesFinale,0.0
123,2019-06-17 06:59:59,"RT @StartGrowthHack: Another example of deepfake. This time Jon Snow apologized for season 8 of Game Of Thrones.

#GameOfThrones #GameOfThr‚Ä¶",0.5
124,2019-06-17 06:53:55,RT @Ben_Amos__: Kings Landing must be the Midwest of Westeros because they went from snow to sunny weather in the course of a day #GamefThr‚Ä¶,0.0
125,2019-06-17 06:47:17,"Another example of deepfake. This time Jon Snow apologized for season 8 of Game Of Thrones.

#GameOfThrones #GameOfThronesFinale #GameofThronesSeason8 #JonSnow #DeepFake #Tech #Technology #GoT https://t.co/DP6pIv9iyT via StartGrowthHack",-0.4
126,2019-06-17 06:42:28,"Another example of deepfake. This time Jon Snow apologized for season 8 of Game Of Thrones.

#GameOfThrones #GameOfThronesFinale #GameofThronesSeason8 #JonSnow #DeepFake #Tech #Technology #GoT https://t.co/NiLARO8M7A",0.0
127,2019-06-17 06:23:43,"RT @taniie_: Tagged neck piece and bracelet 
Dm or pm 09053663364 to grab yoursüòÑ

 IG: https://t.co/Y9almT7vOv
Help Retweet üòöüòô 
#bracelets‚Ä¶",0.13636363636363635
128,2019-06-17 06:04:58,RT @KevinPigeon: If Sansa doesn‚Äôt show up with a giant Westerosi army I‚Äôm gonna be pissed off #GameOfThronesFinale,-1.0
129,2019-06-17 05:56:42,RT @PatrickSmith316: When you don't contribute to the group project &amp; still get an A  #GameOfThronesFinale https://t.co/mJHfEVcGQC,0.25
130,2019-06-17 05:41:12,"RT @daenerys_world: FIRE AND BLOOD üî•‚ù§ 

#GameofThrones #EmiliaClarke #DaenerysTargaryen #GameOfThronesFinale #GoTFinale #GOTfinal #gots8 #d‚Ä¶",0.0
131,2019-06-17 04:55:59,RT @devonpalmer_: #GameOfThronesFinale can‚Äôt believe this https://t.co/o4grycR8Ec,0.04999999999999999
132,2019-06-17 04:54:52,"RT @FoldableHuman: Say what you will about the #GameOfThronesFinale, the John Hughes homage was a bold choice to end on. https://t.co/kKJrJ‚Ä¶",-1.0
133,2019-06-17 04:48:38,RT @Wayne_1da: WWWTTTTTFFFFFFFFF WASSS THATTTTTTT???!!!!!!! #StillPissed #TheSopranosAllOverAgain #GOT #GOTFinale #GameOfThronesFinale #Gam‚Ä¶,-0.5
134,2019-06-17 04:47:10,RT @TehBryceisright: 8 seasons just so Westeros could elect some cereal grain as their next king #GameofThronesFinale,0.5852272727272727
135,2019-06-17 04:14:50,"RT @like60pandas: The last this Brienne wrote about Jamie was ""smashed this pussy lol"" 
Bet
#GameofThrones #GameOfThronesFinale",-0.05
136,2019-06-17 04:09:12,"RT @nitin_indave: Why don't just Arya ask Bran what is West of Westeroes ?? 
#GameOfThrones #GameOfThronesFinale 
#GOTFinale https://t.co/C‚Ä¶",0.0
137,2019-06-17 04:08:21,RT @yayserotonin: That's it. I found the ending we all deserve. I made myself forget the actual ending and convinced myself that this was h‚Ä¶,0.375
138,2019-06-17 04:03:12,"RT @MrFightClips: They got no damn respectüòÇ
#GameOfThrones #GameOfThronesFinale #GamesOfThronesFinale #GamefThrones #JonSnow #fights #fight‚Ä¶",0.0
139,2019-06-17 04:03:06,RT @ZABEN2002: So...what's the Night actually Watching now??? #GameofThrones #GameOfThronesFinale,0.15
140,2019-06-17 03:36:40,"RT @MoodyRob: Jon taking people back north, a reversal of people fleeing the north from the NK. Savior #theprincewhowaspromused #gameofthro‚Ä¶",0.3333333333333333
141,2019-06-17 02:31:34,"RT @daenerys_world: NOSTALGIE.....‚ùÑ‚ù§
I miss u @GameOfThrones 

#GameOfThronesFinale #GameOfThrones #DaenerysTargaryen #JonSnow #GoTFinale #‚Ä¶",-0.07777777777777779
142,2019-06-17 02:10:42,RT @Facciani10: They could not have done a worse job. #GameOfThronesFinale,0.0
143,2019-06-17 01:52:42,"FIRE AND BLOOD üî•‚ù§ 

#GameofThrones #EmiliaClarke #DaenerysTargaryen #GameOfThronesFinale #GoTFinale #GOTfinal #gots8 #dragons #AryaStark #Targaryen #France https://t.co/3jnZHR7jIZ",0.15
144,2019-06-17 01:41:55,RT @sammie__dil: How I feel seeing Jaime‚Äôs body after convincing myself he was alive #GameOfThronesFinale https://t.co/SOMfgTemsb,0.15
145,2019-06-17 01:40:37,"RT @GaryCMeleJr: (Essentially) a month after the #GameOfThronesFinale 

Know many were disappointed with the ending, but it didn‚Äôt take the‚Ä¶",0.0
146,2019-06-17 01:28:01,Lena Headey On 'Game Of Thrones' Ending: 'I Wanted A Better Death' For Cersei https://t.co/A0jXMXaaZk #GameOfThronesFinale #GameOfThrones #GoT https://t.co/Jqs5urfbcL,0.0
147,2019-06-17 01:25:02,"Do you know the REAL legend of King Arthur? Or just the imitations?
Discover the #epic #book series: https://t.co/by9W3pigYJ

#epicfantasy #Knight #FathersDay #Read #GameOfThronesFinale #GameofThrones #KindleBook https://t.co/BmWUmTPMto",0.0
148,2019-06-17 01:20:44,"RT @_PS_Snape: sometimes duty is death of love.
#ForTheThrone #DemThrones #GameOfThronesFinale
#GameOfThrones https://t.co/FrpgMveqSd",0.0
149,2019-06-17 00:49:09,"Finally finished #GameofThrones and I honestly thought the #GameOfThronesFinale was an amazing wrap up. Season 8 might be my favorite season. All in all, the show was a hell of a ride.",0.0
150,2019-06-17 00:47:51,"I see why people complain about the #GameOfThronesFinale 

Though people will complain about just any series that doesn't end the way they like.

What I'm tryna say is, READ THE BOOKS! Even if you've read them before, read them again

Sorry for bothering you üòÅ",0.0
151,2019-06-17 00:40:10,RT @RwB1599: My watch has ended! #GameOfThronesFinale #TheFinalEpisode,0.0
152,2019-06-17 00:31:23,A Song of meh: My Game of Thrones Series Finale Review https://t.co/THrO7yVSMA via @YouTube  #gameofthrones  #GoT #gameofthronesreview #gameofthronesfinale #latetotheparty,-0.2
153,2019-06-17 00:21:09,"Tagged neck piece and bracelet 
Dm or pm 09053663364 to grab yoursüòÑ

 IG: https://t.co/Y9almT7vOv
Help Retweet üòöüòô 
#bracelets #Got #GameOfThronesFinale #FathersDay #blinglagosians #TotalAFCON2019 #SundayThoughts https://t.co/woHyQA9PSX",0.0
154,2019-06-17 00:06:24,"#MySundayNightRituals
Mourn the ending of Game of Thrones! #GameOfThronesFinale",0.0
155,2019-06-16 23:52:47,"https://t.co/GyWnlOLrab

My new video
#HappyFathersDay #ŸäŸàŸÖ_ÿßŸÑÿßÿ®_ÿßŸÑÿπÿßŸÑŸÖŸä #AmitabhBachchan 
#GOT7_KEEPSPINNINGinSeoul_Day2  #GameOfThronesFinale",0.3333333333333333
156,2019-06-16 23:20:10,RT @robert_sith305: Game of thrones night king and Theon recreation!!!!!! #GameOfThronesFinale #GameofThronesSeason8 #nightking #GameOfThor‚Ä¶,0.5
157,2019-06-16 23:18:15,"RT @Shatha816: Why everyone was so unsatisfied and angry by the ending of #GOT #GameOfThronesFinale 
I feel it is the best senario ever üòçüëèüèΩ‚Ä¶",0.0
158,2019-06-16 23:13:29,#art  is doin  #drawings n stuff   tone    dus a bit  ov   paintin   on th  side  #GameOfThronesFinale  wassa  bit on th side i feel ü§Æ https://t.co/NAbUI3AXqH,0.3333333333333333
159,2019-06-16 22:59:01,"RT @Cutewalterr: #GameOfThronesFinale 

This guy just Perfected the Game of Thrones Characters. üòÇüòÇüòÇ

Which did he get the most?

https://t.‚Ä¶",0.09999999999999999
160,2019-06-16 22:42:50,RT @robert_sith305: Game of thrones night king and Theon recreation!!!!!! #GameOfThronesFinale #GameofThronesSeason8 #nightking #GameOfThor‚Ä¶,0.0
161,2019-06-16 22:42:15,RT @Dr_Nejad: Farewell Game of Thrones. Thank you for 8 years of entertainment! #GameOfThronesFinale,0.04999999999999999
162,2019-06-16 22:33:32,RT @Rorivera27: I just want to see if they make a new series with Arya called West of Westeros! I‚Äôll pay good money to see that series!! #A‚Ä¶,0.0
163,2019-06-16 22:26:30,RT @ArakiCrafts: Extra wide teeth comb https://t.co/fMLn07SiqN pocket size #mondaymotivation #travel #nature #GameOfThronesFinale #MyMornin‚Ä¶,0.0
164,2019-06-16 22:14:40,#JonSnow's apology for Season 8 is finally out. #GameOfThronesFinale #GameOfTrones #got #deepfake https://t.co/uaKVLcjOKZ,0.0
165,2019-06-16 22:13:50,"RT @LowahLavierah: One of the best and powerful scenes in GOTüëè I kept repeating it ,crying,smiling just mixed feelings..Peter is a really g‚Ä¶",0.0
166,2019-06-16 22:13:10,RT @amyjeanpdx: R U fucking kidding me @people?? WTFuck #michelecorriston you dumb B. The POST may contain spoilers? The HEADLINE GIVES THE‚Ä¶,0.0
167,2019-06-16 21:46:35,RT @xo_kristenleigh: ‚ÄúJaime Lannister is the nastiest skank bitch I‚Äôve ever met. DO NOT TRUST HIM. He is a fugly slut!‚Äù #GameOfThronesFinal‚Ä¶,0.0
168,2019-06-16 21:41:41,"RT @sanshodelaine: Queen in the north!
Lots of symbolism here. Chose the colors that mostly represent house Stark. Drawing the armor was th‚Ä¶",0.3333333333333333
169,2019-06-16 21:41:10,"RT @FoldableHuman: Say what you will about the #GameOfThronesFinale, the John Hughes homage was a bold choice to end on. https://t.co/kKJrJ‚Ä¶",0.0
170,2019-06-16 21:14:15,"Btw, while watching #GameOfThronesFinale and the #NBAFinals with the #WeTheNorth Toronto campaign, I must say I was hoping for some local #north Kosovo #political references.
Seemed only natural.",0.04999999999999999
171,2019-06-16 21:13:54,RT @ihateyoujodyy: Sam sitcho dumbass back down #GameOfThronesFinale,0.04999999999999999
172,2019-06-16 20:33:38,"RT @thegoodtheweird: https://t.co/0Oz3E1fwyu #forthethrone #GameOfThronesFinale soundtrack review :)

#sza #asaprocky #theweeknd #jamesarth‚Ä¶",0.09999999999999999
173,2019-06-16 20:23:52,"RT @sanshodelaine: Queen in the north!
Lots of symbolism here. Chose the colors that mostly represent house Stark. Drawing the armor was th‚Ä¶",0.04999999999999999
174,2019-06-16 20:23:22,"RT @sanshodelaine: Queen in the north!
Lots of symbolism here. Chose the colors that mostly represent house Stark. Drawing the armor was th‚Ä¶",0.0
175,2019-06-16 20:20:10,Just watched the last episode of #Jamestown. Did I blink? Did I miss something? It made the #GameOfThronesFinale seem positively well considered and overly long. So glad I spent these last few years watching it. Thanks for nothing.,0.09999999999999999
176,2019-06-16 20:12:32,"https://t.co/0Oz3E1fwyu #forthethrone #GameOfThronesFinale soundtrack review :)

#sza #asaprocky #theweeknd #jamesarthur",0.25
177,2019-06-16 19:58:15,"Some of you guys asked for more GOT, this might be the last one for a while, or at least until we get any interesting news regarding the show. Game of Thrones - The Assassination of Jon &amp; Daenerys! RANT https://t.co/XMG791j2nN via @YouTube #GameOfThronesFinale https://t.co/3yWhfYDIWx",0.0
178,2019-06-16 19:50:29,"Turns out, Jon Snow really did know nothing after all. Either that or David Benioff and¬†D. B. Weiss were so consumed with Daenery's character assassination that they forgot about this scene...and so many others. #GameOfThrones #GameOfThronesFinale https://t.co/oYXWGt6xcz",0.04999999999999999
179,2019-06-16 19:39:37,"""That's what i do i drink and i know things"" ~ Jungkook's style
#BTS #got #GameOfThronesFinale
https://t.co/aNNZJX9CB1",0.0
180,2019-06-16 19:34:48,RT @10YearsInTheUSA: Can‚Äôt still believe how whack was #GameOfThronesFinale  #GOT https://t.co/eDOEQedCvk,0.0
181,2019-06-16 19:30:24,Game of Thrones Night King! https://t.co/5UOa7yc7pt @EMGraphicsEbay @FWMediaTweets @EMGraphicsEbay @GameOfThrones #GameofThrones #GameOfThronesFinale #GameofThronesSeason8 #gots08e03 #gotseason7 #nightking #JonSnow #AryaStark #khaleesi #whitewalker #ebayfinds,0.0
182,2019-06-16 18:50:44,"@McKayMSmith Still in my boxers having just watched the #GameOfThronesFinale. 
I love #FathersDay",0.6333333333333333
183,2019-06-16 18:49:27,We wanted a better ending full stop!!! #letDown #GameOfThronesFinale https://t.co/vMDzG1gaU5,0.3333333333333333
184,2019-06-16 18:46:30,RT @renegadecut: The #GameofThronesFinale and reaction to it got me thinking about American interventionism and how we see civilian casualt‚Ä¶,0.04999999999999999
185,2019-06-16 18:39:49,We all expected a better death #GameOfThronesFinale https://t.co/cBfyi4G5Ou,-0.125
186,2019-06-16 18:38:04,You can find memes like this on our instagram page: #GameOfTrones #GameOfThronesFinale #stark #lannister #baratheon #joffrey #joffrey #tommen #cersei #bran #threeeyedraven #king #queen #westeros #bronnandhiscastle #instagram https://t.co/MRsLGYRXv8,0.04999999999999999
187,2019-06-16 18:16:20,Trending #GameofThrones #GameOfThonesFinale #GameOfTrones #gameofthones #gamefthrones #GamesOfThrones #GameOver #GameOfThornes #GameofThronesSeason8 #GameOfThronesFinale #leadership #management #investing #F4F,-0.21666666666666665
188,2019-06-16 18:14:20,"RT @tilspringblooms: ""When the snows fall and the white winds blow, the lone wolf dies but the pack survives."" ‚Äî 
#GameOfThronesFinale #The‚Ä¶",-1.0
189,2019-06-16 17:52:08,"Does @nikolajcw and @IAMLenaHeadey have a joint wardrobe?) this to much for my shipper heart!‚ù§
#GameOfThronesFinale #Cersei #JaimeLannister https://t.co/csyJDMj6Eo",0.0
190,2019-06-16 17:01:34,"LISTEN: recover from #GameOfThronesFinale with this week's metal mix! Featuring Through The Noise, Blacklist 9, Genus Ordinis Dei, Nereis, A Breach Of Silence, and many more on our TOTAL ECLIPSE Spotify playlist! https://t.co/aZt3QIURzR",-1.0
191,2019-06-16 16:48:06,RT @quadmcomics: NOW AVAILABLE for your listening enjoyment - THE QUAD M SHOW Ep. 156! Download or stream from your favorite podcast catchi‚Ä¶,0.41666666666666663
192,2019-06-16 15:52:30,Trish‚Äôs arc was exciting then painful to watch but it was done in such a way that it felt organic and earned. I kept comparing it to the way DnD crapped it for Dany. #JessicaJones #GameOfThronesFinale,0.0
193,2019-06-16 15:34:01,It's very strong. #DevilMayCry  #GameOfThronesFinale #GameOfThrones https://t.co/Sc65EpB6bu,-0.02121212121212122
194,2019-06-16 15:09:14,"RT @FoldableHuman: Say what you will about the #GameOfThronesFinale, the John Hughes homage was a bold choice to end on. https://t.co/kKJrJ‚Ä¶",0.0
195,2019-06-16 14:28:46,"RT @realFFK: ""Bend the knee""-Daenarys Targarayan

""Winter is coming""-Jon Snow. 

""For the night is dark and is full of terrors""-Mellisandra‚Ä¶",-1.0
196,2019-06-16 14:28:45,"RT @kistengandalf: My mood in #GameOfThrones. What are your thoughts on the #GameOfThronesFinale?
https://t.co/qBosbFI2av",-1.0
197,2019-06-16 13:04:39,"RT @cutewalter_: #GameOfThronesFinale 

This guy just Perfected the Game of Thrones Characters. üòÇüòÇüòÇ

Which did he get the most?

https://t.‚Ä¶",0.0
198,2019-06-16 12:31:29,"Let's talk about this cute little precious baby @IAMLenaHeadey 
‚ù§‚ù§‚ù§
#lenaheadey #GameOfThronesFinale #Cersei https://t.co/atXFFyNrZg",0.25
199,2019-06-16 12:25:07,Sick! #GameOfThronesFinale https://t.co/qiTUnFMPz4,0.0
200,2019-06-16 11:54:32,"And it was a ""wise"" ending, a classic move to be fair to all characters. Especialy giving Jon Snow a full circle ending as a night's watch man. So the audience could feel home. #GameOfThronesFinale",-1.0
201,2019-06-16 11:49:30,"I really like the ""King's Landing"" battle scene episode. Total chaos!! Fire everywhere, human body burned, no silly dialogues, just total fear and worry! The unsullied showed no mercy. #GameOfThronesFinale",-1.0
202,2019-06-16 10:59:35,"RT @kistengandalf: My mood in #GameOfThrones. What are your thoughts on the #GameOfThronesFinale?
https://t.co/qBosbFI2av",0.0
203,2019-06-16 10:59:23,"RT @kistengandalf: My mood in #GameOfThrones. What are your thoughts on the #GameOfThronesFinale?
https://t.co/qBosbFI2av",0.0
204,2019-06-16 10:59:21,"RT @kistengandalf: My mood in #GameOfThrones. What are your thoughts on the #GameOfThronesFinale?
https://t.co/qBosbFI2av",0.009523809523809526
205,2019-06-16 10:56:18,"You may agree or not, most of you cheapsters started watching @GameOfThrones as a porn struck seriesüòè and then ended it by whining about the possibilities of alternate endings. üê≤
#GameOfThronesFinale",0.04999999999999999
206,2019-06-16 09:00:09,"New video üëç
#YouTube #smallyoutuber #SmallYouTuberArmy #smallyoutubercommunity #SmallYouTubeArmy #GameOfThrones #GameOfThronesFinale
https://t.co/6IjiCMvx9p https://t.co/R1ZFsCOMpz",0.09999999999999999
207,2019-06-16 08:42:50,"RT @FoldableHuman: Say what you will about the #GameOfThronesFinale, the John Hughes homage was a bold choice to end on. https://t.co/kKJrJ‚Ä¶",0.0
208,2019-06-16 08:35:36,This was my predictions for how #GameOfThrones was going to end. I think my predictions are better than what we actually got üôä #GameOfThronesFinale #GameofThronesSeason8   https://t.co/VVIhskuyHK https://t.co/BKZcMfPzNU,0.09999999999999999
209,2019-06-16 08:22:56,"RT @cutewalter_: #GameOfThronesFinale 

This guy just Perfected the Game of Thrones Characters. üòÇüòÇüòÇ

Which did he get the most?

https://t.‚Ä¶",0.0
210,2019-06-16 08:11:34,"RT @cutewalter_: #GameOfThronesFinale 

This guy just Perfected the Game of Thrones Characters. üòÇüòÇüòÇ

Which did he get the most?

https://t.‚Ä¶",0.0
211,2019-06-16 08:00:30,"RT @realFFK: ""Bend the knee""-Daenarys Targarayan

""Winter is coming""-Jon Snow. 

""For the night is dark and is full of terrors""-Mellisandra‚Ä¶",0.16
212,2019-06-16 07:44:09,"- Halo? I don't want to talk right now, I finally finished #GameOfThronesFinale.
- But you're the one who's calling...

#GoTFinale",0.09999999999999999
213,2019-06-16 07:34:12,"RT @cutewalter_: #GameOfThronesFinale 

This guy just Perfected the Game of Thrones Characters. üòÇüòÇüòÇ

Which did he get the most?

https://t.‚Ä¶",0.04999999999999999
214,2019-06-16 07:23:19,RT @RituG15: #MenToo  #SAWvPAKW #Brexit #auspol #DateMyFamilly #GameOfThrones #India #SundayThoughts #Nadal #Trump #GameOfThronesFinale #ib‚Ä¶,0.0
215,2019-06-16 07:20:04,"RT @realFFK: ""Bend the knee""-Daenarys Targarayan

""Winter is coming""-Jon Snow. 

""For the night is dark and is full of terrors""-Mellisandra‚Ä¶",-0.1875
216,2019-06-16 07:13:05,"RT @Shatha816: Why everyone was so unsatisfied and angry by the ending of #GOT #GameOfThronesFinale 
I feel it is the best senario ever üòçüëèüèΩ‚Ä¶",-0.1875
217,2019-06-16 06:41:10,Dubrovnik is insane irl (and not burned down as seen in #GameOfThronesFinale) üî•üêâ‚öîÔ∏èüê∫‚ùÑÔ∏è https://t.co/fJ4ZsQp80V,0.0
218,2019-06-16 06:11:04,"RT @cutewalter_: #GameOfThronesFinale 

This guy just Perfected the Game of Thrones Characters. üòÇüòÇüòÇ

Which did he get the most?

https://t.‚Ä¶",-0.4
219,2019-06-16 06:05:27,"Friend: Tell me a joke.

Me: GOT S8

Friend: Hahaha

#GameOfThronesFinale #GameOfThrones #GameofThronesSeason8",0.3
220,2019-06-16 05:35:49,"So what happened to winter in Westeros?
Season 1-6 = ‚Äúwinter is coming‚Äù
Season 7 = ‚Äúwinter is here‚Äù
Season 8...
Season 8 Finale = Bran is King.
The End. #gameofthrones #GameOfThronesFinale https://t.co/iSrNaebW7L",0.0
221,2019-06-16 05:10:18,That's it. I found the ending we all deserve. I made myself forget the actual ending and convinced myself that this was how the last season actually went down. I am now satisfied. üó°Ô∏èüëë #GameOfThronesFinale https://t.co/O6xsqpD49n,0.21666666666666667
222,2019-06-16 04:30:11,Drogon is literally like ‚úåüèª we never should have crossed the sea anyway! #GameOfThronesFinale,0.0
223,2019-06-16 04:21:42,"RT @JonxDanyy: Legends never die.

Goodbye Daenerys Targaryen. You'll always be remembered as the brave, inspirational, kind hearted queen‚Ä¶",0.0
224,2019-06-16 04:05:49,"RT @FoldableHuman: Say what you will about the #GameOfThronesFinale, the John Hughes homage was a bold choice to end on. https://t.co/kKJrJ‚Ä¶",0.25
225,2019-06-16 04:02:43,"RT @cutewalter_: #GameOfThronesFinale 

This guy just Perfected the Game of Thrones Characters. üòÇüòÇüòÇ

Which did he get the most?

https://t.‚Ä¶",0.0
226,2019-06-16 03:48:59,RT @Gearboxstuff: They really just gave Bran who‚Äôs the weird ass cripple that didn‚Äôt do shit this entire season the Iron Throne and killed‚Ä¶,0.5
227,2019-06-16 03:42:25,"RT @cutewalter_: #GameOfThronesFinale 

This guy just Perfected the Game of Thrones Characters. üòÇüòÇüòÇ

Which did he get the most?

https://t.‚Ä¶",-0.4
228,2019-06-16 03:24:10,"RT @ANJALEE2001: My dramatic ass getting of the sofa, when finishing the last episode of  #GameofThrones and cancelling my Now TV subscript‚Ä¶",0.0
229,2019-06-16 03:10:04,RT @robert_sith305: Game of thrones night king and Theon recreation!!!!!! #GameOfThronesFinale #GameofThronesSeason8 #nightking #GameOfThor‚Ä¶,0.1875
230,2019-06-16 03:00:10,RT @Brancosalesasso: Fist bump ü§úü§õ would never happen on #GOT but it did on @ktlamorningnews for today's #GameOfThronesFinale.  Thanks to @D‚Ä¶,0.0
231,2019-06-16 01:57:55,"RT @faveslooks: Queen in the North.
#GameofThronesFinale https://t.co/1hTFGnho5m",0.0
232,2019-06-16 01:57:05,RT @robert_sith305: Game of thrones night king and Theon recreation!!!!!! #GameOfThronesFinale #GameofThronesSeason8 #nightking #GameOfThor‚Ä¶,0.0
233,2019-06-16 01:37:29,"RT @ThatAnjaliGupta: When Tyrion named BRAN the most worthy leader, I swear Sansa and Arya's expressions were the face of every woman who's‚Ä¶",0.0
234,2019-06-16 01:27:16,Have APPLE PAY CASH SET UP ‚ùì Flip $30 for $150 ‚ùóÔ∏è No cards. No banks. ONLY 1 time fee of $30. Dm me .‚ùóÔ∏è #targetdown #BTS5THMUSTER #FathersDay #INDvPAK #Pride #BluesParade #2019BTSFESTA #CWC19 #cashdrain #AlaskaHappyHour #CLIPPERDARRELLCARES #DallasCowboys #GameOfThronesFinale https://t.co/PMcDfjUuna,-0.2
235,2019-06-16 01:24:03,"RT @JoyScott13: Don‚Äôt mind me, I‚Äôm just crying hearing the #GamefThrones theme for the last time in a new episode üò≠üò≠üò≠ #GameOfThronesFinale",0.09999999999999999
236,2019-06-16 00:56:12,"RT @1LifeOfDeen: Samwell Tarly: Democracy 

Everyone else:

#GameOfThronesFinale https://t.co/FFpZCXKDgX",-0.4
237,2019-06-16 00:45:56,RT @robert_sith305: Game of thrones night king and Theon recreation!!!!!! #GameOfThronesFinale #GameofThronesSeason8 #nightking #GameOfThor‚Ä¶,0.0
238,2019-06-16 00:08:58,RT @robert_sith305: Game of thrones night king and Theon recreation!!!!!! #GameOfThronesFinale #GameofThronesSeason8 #nightking #GameOfThor‚Ä¶,0.0
239,2019-06-15 23:41:58,Endgame? Really? I Don't think so #GameOfThronesFinale @GameOfThrones @JohnnieWalkerPH @johnniewalker_ https://t.co/IbFiIB7LxO,0.0
240,2019-06-15 23:34:57,RT @P1Eddie: #GameOfThrones #GameOfThronesFinale really! https://t.co/SLTXZvTosB,0.0
241,2019-06-15 23:34:02,"RT @Queenziah: #Thefinaleepisode :
Daenerys dyes her hair and marries Bran #GameOfThronesFinale https://t.co/EUopoa3Mfa",0.04999999999999999
242,2019-06-15 23:30:58,RT @WafflesCat: DIREWOLF bread üòÇüòÇ@RosannaPansino #gameofthrones #GameOfThronesFinale https://t.co/xbS9nLm7EQ,0.0
243,2019-06-15 23:28:10,RT @robert_sith305: Game of thrones night king and Theon recreation!!!!!! #GameOfThronesFinale #GameofThronesSeason8 #nightking #GameOfThor‚Ä¶,0.16
244,2019-06-15 23:19:26,RT @robert_sith305: Game of thrones night king and Theon recreation!!!!!! #GameOfThronesFinale #GameofThronesSeason8 #nightking #GameOfThor‚Ä¶,0.0
245,2019-06-15 23:16:28,RT @renegadecut: The #GameofThronesFinale and reaction to it got me thinking about American interventionism and how we see civilian casualt‚Ä¶,0.045000000000000026
246,2019-06-15 23:09:15,Game of thrones night king and Theon recreation!!!!!! #GameOfThronesFinale #GameofThronesSeason8 #nightking #GameOfThornes #theon #arya #bran @GameOfThrones @HBO @SmokeScreenVids @Maisie_Williams @SophieT https://t.co/9PeoRQD8bP,-0.06590909090909092
247,2019-06-15 22:59:03,"RT @HausofMiren: #gameofthronesfinale - this is single handedly the most bad-ass scene in game of thrones

this is was made daenerys the le‚Ä¶",0.0
248,2019-06-15 22:42:10,"RT @cutewalter_: #GameOfThronesFinale 

This guy just Perfected the Game of Thrones Characters. üòÇüòÇüòÇ

Which did he get the most?

https://t.‚Ä¶",0.0
249,2019-06-15 22:17:17,"RT @realFFK: ""Bend the knee""-Daenarys Targarayan

""Winter is coming""-Jon Snow. 

""For the night is dark and is full of terrors""-Mellisandra‚Ä¶",0.5
250,2019-06-15 22:16:46,RT @renegadecut: The #GameofThronesFinale and reaction to it got me thinking about American interventionism and how we see civilian casualt‚Ä¶,0.0
251,2019-06-15 22:05:11,"RT @realFFK: ""Bend the knee""-Daenarys Targarayan

""Winter is coming""-Jon Snow. 

""For the night is dark and is full of terrors""-Mellisandra‚Ä¶",0.0
252,2019-06-15 21:53:44,RT @renegadecut: The #GameofThronesFinale and reaction to it got me thinking about American interventionism and how we see civilian casualt‚Ä¶,0.0
253,2019-06-15 21:53:02,"RT @sritawinterfell: THE MOTHER OF DRAGONS

#GameOfThronesFinale #GameOfThrones https://t.co/y0PHWrsUxQ",0.3333333333333333
254,2019-06-15 21:52:02,"RT @udotai_j: Jamie Lannister's kingslayer level is so high, he tried to kill the king 8 seasons agoüòÇüòÇüòÇ
#GameofThrones #GameOfThronesFinale‚Ä¶",-0.1
255,2019-06-15 21:45:04,"RT @realFFK: ""Bend the knee""-Daenarys Targarayan

""Winter is coming""-Jon Snow. 

""For the night is dark and is full of terrors""-Mellisandra‚Ä¶",0.0
256,2019-06-15 21:42:21,"RT @cutewalter_: #GameOfThronesFinale 

This guy just Perfected the Game of Thrones Characters. üòÇüòÇüòÇ

Which did he get the most?

https://t.‚Ä¶",0.0
257,2019-06-15 21:25:09,"Meet my Cat Venom, sitting there like he doesn't give a Shit on how ridiculous he looks like just as D&amp;D don't give a Shit about how they ruined the Show in the End. üòÇ #GameofThrones #GameOfThronesFinale #ASOIAF https://t.co/sFw8op7Bmn",1.0
258,2019-06-15 20:55:05,"RT @TargaryenHaught: D&amp;D are just 2 talentless little Dickheads who were pissed like 2 children beeing robbed of their Candy, just bcs thei‚Ä¶",0.35714285714285715
259,2019-06-15 20:51:30,"RT @TargaryenHaught: D&amp;D are just 2 talentless little Dickheads who were pissed like 2 children beeing robbed of their Candy, just bcs thei‚Ä¶",0.0
